,Li,Mg,Al,Si,K,Ca,Mn,Fe,Co,Ni,Cu,Zn,Sr,Ba,La,Ce,Pr,Nd,Sm,Eu,Gd,Tb,Dy,Ho,Er,Tm,Yb,Lu
Sample Name,(ppb),(ppb),(ppb),(ppb),(ppb),(ppb),(ppb),(ppb),(ppb),(ppb),(ppb),(ppb),(ppb),(ppb),(ppb),(ppb),(ppb),(ppb),(ppb),(ppb),(ppb),(ppb),(ppb),(ppb),(ppb),(ppb),(ppb),(ppb)
CRESS Blank Water ,1.077,0.194,<1,<5,5.077,<10,0.039,<0.1,<0.01,<0.01,0.005,1.704,0.005,<0.01,<0.01,<0.01,<0.01,<0.01,<0.01,<0.01,<0.01,<0.01,<0.01,<0.01,<0.01,<0.01,<0.01,<0.01
CRESS_001B Water,0.439,27.005,189.723,415.357,1399.94,<10,0.136,472.383,0.138,0.3,1.168,1.334,0.244,0.282,0.293,1.006,0.074,0.331,0.059,<0.01,0.056,0.011,0.053,<0.01,0.012,<0.01,<0.01,<0.01
CRESS_002B Water,2.296,24.749,186.58,423.279,1425.192,<10,0.167,442.125,0.128,0.284,1.125,1.421,0.257,0.197,0.295,0.947,0.067,0.332,0.046,<0.01,0.058,<0.01,0.042,<0.01,<0.01,<0.01,<0.01,<0.01
CRESS_003B Water,1.195,26.959,194.773,492.017,1394.035,<10,0.168,459.921,0.12,0.293,1.149,1.331,0.301,0.228,0.291,0.93,0.067,0.306,0.049,<0.01,0.06,<0.01,0.04,<0.01,0.017,<0.01,<0.01,<0.01
CRESS_004B Water,0.589,202.794,430.071,873.751,4400.642,143.99,11.156,219.892,0.227,0.417,1.414,3.23,9.685,12.646,0.25,0.658,0.076,0.405,0.098,<0.01,0.112,0.013,0.071,<0.01,0.031,<0.01,0.03,<0.01
CRESS_005B Water,1.66,193.584,388.752,812.87,4253.272,135.972,11.156,217.036,0.228,0.412,1.323,3.598,9.427,12.29,0.239,0.618,0.066,0.348,0.096,<0.01,0.103,0.013,0.06,<0.01,0.026,<0.01,0.029,<0.01
CRESS_006B Water,0.243,192.573,388.721,871.383,4079.39,144.388,11.51,210.599,0.214,0.419,1.363,2.829,9.747,12.87,0.226,0.621,0.064,0.359,0.102,<0.01,0.085,0.013,0.07,<0.01,0.029,<0.01,0.03,<0.01
CRESS_007B Water,1.413,465.055,2149.943,4454.763,1049.791,177.684,12.997,3004.559,0.339,1.114,1.963,6.014,3.814,6.042,0.625,1.175,0.162,0.72,0.142,0.022,0.142,0.021,0.116,0.01,0.053,<0.01,0.052,<0.01
CRESS_008B Water,0.543,514.143,2433.559,4484.185,1162.958,194.549,13.221,3424.085,0.373,1.241,2.12,7.09,4.334,7.231,0.66,1.202,0.172,0.727,0.156,0.025,0.154,0.021,0.122,0.013,0.064,<0.01,0.058,<0.01
CRESS_009B Water,<0.1,457.457,1701.859,3475.16,1110.359,196.913,11.531,2713.488,0.29,0.966,1.703,7.817,4.039,5.319,0.531,0.962,0.136,0.543,0.109,0.014,0.119,0.017,0.101,<0.01,0.044,<0.01,0.042,<0.01
CRESS_010B Water,<0.1,499.934,378.829,1185.591,3535.347,498.299,12.563,176.2,0.316,1.06,5.77,4.256,20.919,7.437,0.227,0.578,0.058,0.271,0.05,<0.01,0.046,<0.01,0.047,<0.01,0.019,<0.01,0.021,<0.01
CRESS_011B Water,1.189,531.459,391.955,1205.427,3860.92,531.83,12.879,177.43,0.292,1.069,5.608,3.874,21.386,7.751,0.222,0.544,0.053,0.245,0.036,<0.01,0.047,<0.01,0.043,<0.01,0.015,<0.01,0.009,<0.01
CRESS_012B Water,0.192,524.866,366.708,1325.279,3854.27,518.896,13.733,166.724,0.346,1.027,5.765,3.219,21.58,7.496,0.192,0.494,0.048,0.25,0.044,<0.01,0.049,<0.01,0.034,<0.01,0.017,<0.01,0.012,<0.01
CRESS_013B Water,<0.1,435.135,296.11,929.86,88.549,255.045,1.576,394.06,0.179,3.344,4.902,2.162,8.673,8.003,0.415,1.029,0.144,0.685,0.188,0.031,0.181,0.026,0.164,0.02,0.09,<0.01,0.1,<0.01
CRESS_014B Water,<0.1,449.894,249.116,951.619,85.633,262.147,1.368,367.938,0.175,3.547,5.158,2.262,9.023,7.881,0.443,1.051,0.156,0.756,0.151,0.036,0.175,0.028,0.172,0.022,0.093,<0.01,0.097,<0.01
CRESS_015B Water,0.402,412.944,302.049,903.752,94.423,240.025,1.475,404.86,0.176,3.16,5.094,2.202,8.281,7.799,0.416,0.988,0.144,0.729,0.184,0.03,0.182,0.029,0.164,0.022,0.092,<0.01,0.088,<0.01
CRESS_016B Water,<0.1,622.325,245.856,837.214,278.782,311.809,14.555,298.898,0.064,0.49,0.771,3.706,5.143,7.798,0.134,0.318,0.027,0.136,0.021,<0.01,0.02,<0.01,0.013,<0.01,<0.01,<0.01,<0.01,<0.01
CRESS_017B Water,0.335,623.823,268.121,855.621,288.476,293.291,16.183,317.486,0.079,0.491,0.758,3.539,5.256,8.14,0.131,0.334,0.032,0.146,0.028,<0.01,0.024,<0.01,0.012,<0.01,<0.01,<0.01,<0.01,<0.01
CRESS_018B Water,0.243,637.137,262.584,897.896,280.281,304.666,15.162,301.215,0.068,0.464,0.771,3.587,5.323,8.094,0.139,0.325,0.029,0.153,0.02,<0.01,0.024,<0.01,0.02,<0.01,<0.01,<0.01,<0.01,<0.01
CRESS_019B Water,0.532,460.139,517.648,3033.804,872.872,996.795,3.967,221.974,0.031,0.242,5.76,5.303,12.811,3.08,0.094,0.221,0.014,0.091,0.005,<0.01,0.007,<0.01,<0.01,<0.01,<0.01,<0.01,<0.01,<0.01
CRESS_020B Water,0.917,527.941,625.011,3623.632,968.71,1058.853,5.604,285.946,0.055,0.268,6.876,6.256,13.559,3.421,0.142,0.261,0.024,0.12,0.013,<0.01,0.015,<0.01,<0.01,<0.01,<0.01,<0.01,<0.01,<0.01
CRESS_021B Water,0.195,467.861,390.919,2847.07,1006.404,1058.294,3.361,172.305,0.029,0.221,5.744,4.345,13.819,3.044,0.081,0.157,<0.01,0.056,0.003,<0.01,0.003,<0.01,<0.01,<0.01,<0.01,<0.01,<0.01,<0.01
CRESS Blank HCl,10.838,6.085,34.756,<20,<100,111.808,<0.2,7.621,<0.2,<0.2,15.29,4.075,<0.2,4.361,<0.2,<0.2,<0.2,<0.2,<0.2,<0.2,<0.2,<0.2,<0.2,<0.2,<0.2,<0.2,<0.2,<0.2
CRESS_001C HCl,<2,9623.839,43259.046,1768.694,11714.937,1538.396,74.879,89077.178,7.671,30.814,80.412,313.142,123.353,220.655,35.15,110.336,8.797,33.452,5.617,0.941,5.604,0.789,4.766,0.522,1.863,<0.2,1.041,<0.2
CRESS_002C HCl,15.967,9402.918,42105.267,1824.463,11112.892,1496.724,67.331,85451.939,7.109,30.458,78.9,317.168,117.696,207.007,33.912,105.579,8.131,31.849,5.467,1.048,5.674,0.71,4.326,0.551,1.884,<0.2,1.018,<0.2
CRESS_003C HCl,15.785,9981.689,45042.202,2012.225,12072.135,1508.955,73.17,92290.47,6.981,30.763,84.445,330.848,115.854,219.546,35.543,110.938,8.744,32.679,5.408,0.994,5.299,0.77,4.391,0.526,1.678,<0.2,1.071,<0.2
CRESS_004C HCl,<2,5145.54,12664.234,2908.823,10209.491,7161.536,2800.11,32442.322,29.859,13.01,73.008,120.146,543.219,2675.937,78.642,188.148,22.455,97.132,23.702,5.874,25.406,3.36,18.329,3.016,8.402,0.795,5.643,0.575
CRESS_005C HCl,11.734,4411.7,11326.892,2701.206,9132.173,6560.55,2433.423,29233.535,26.394,10.753,66.485,104.073,490.545,2346.098,67.948,164.559,19.616,83.557,20.27,5.046,22.05,2.77,16.97,2.687,6.953,0.634,4.87,0.398
CRESS_006C HCl,11.325,4642.081,12343.118,2607.253,9570.651,7198.411,2656.958,30415.79,28.429,12.061,65.113,109.147,549.384,2644.554,79.273,187.885,22.401,96.32,23.231,5.676,24.603,3.161,18.467,3.161,7.822,0.734,5.495,0.564
CRESS_007C HCl,6.282,11269.825,24918.157,5558.43,5631.29,8935.88,1881.253,21431.789,10.62,18.647,158.681,164.196,222.79,1730.441,155.497,280.229,42.135,168.27,37.8,7.985,37.081,4.864,28.348,4.974,13.311,1.431,9.742,1.14
CRESS_008C HCl,4.998,12568.558,27236.499,5789.149,6430.789,9872.999,1760.449,19415.184,9.645,17.579,149.781,146.462,235.512,1846.819,164.248,277.125,45.119,185.198,40.472,8.721,40.733,5.44,31.407,5.262,14.849,1.597,10.916,1.195
CRESS_009C HCl,7.07,11935.091,26188.294,5804.372,6109.272,9601.819,1884.133,22384.386,10.174,20.555,168.689,176.33,235.164,1850.877,162.975,297.561,44.004,175.678,37.686,8.547,38.84,5.199,30.392,5.322,13.882,1.613,10.692,1.124
CRESS_010C HCl,3.707,6914.74,12276.399,4256.659,9727.526,15346.746,2317.135,3356.912,36.91,26.397,252.31,150.899,655.016,1110.88,90.614,184.932,20.368,78.095,16.669,3.523,17.457,2.425,15.725,2.65,7.02,0.687,5.348,0.398
CRESS_011C HCl,7.022,6702.942,11533.324,4038.863,10108.359,14915.375,2195.019,3141.599,32.727,25.496,241.464,152.04,627.672,1054.282,83.548,173.391,19.389,71.562,15.127,3.119,16.183,2.295,14.1,2.361,6.897,0.633,4.917,0.43
CRESS_012C HCl,19.217,6719.441,11340.201,4121.177,9694.247,14629.741,2640.881,3198.96,42.535,27,244.446,151.439,629.206,1114.325,84.599,180.712,19.374,72.257,14.565,3.208,16.382,2.35,14.496,2.391,6.887,0.653,4.676,0.358
CRESS_013C HCl,5.358,26889.456,64316.708,29386.218,1270.357,21826.72,730.13,84927.391,32.774,160.116,443.327,183.485,877.167,6140.728,153.703,302.422,37.296,151.493,35.088,7.201,40.188,5.383,33.332,5.974,16.038,1.892,11.788,1.38
CRESS_014C HCl,40.085,30341.162,71488.289,35999.15,1441.702,23917.967,766.872,93459.43,35.395,178.484,499.542,213.246,959.447,6631.653,167.368,334.423,41.147,169.286,38.264,7.89,42.649,5.987,36.4,6.623,17.262,1.982,13.166,1.675
CRESS_015C HCl,10.279,27594.057,66340.855,31660.076,1207.712,22297.208,709.119,88442.014,32.977,165.962,448.415,187.767,889.345,6150.822,152.101,304.216,38.295,152.334,34.462,7.171,39.862,5.41,33.374,5.819,16.318,1.788,12.733,1.361
CRESS_016C HCl,28.388,15404.134,25472.808,3797.218,2440.961,16566.05,4432.686,22475.092,17.124,112.369,314.941,543.673,319.433,3238.016,253.595,258.238,54.733,200.988,43.914,10.018,51.149,7.187,44.108,7.92,20.867,2.491,15.066,1.799
CRESS_017C HCl,<2,14782.427,23874.684,3466.607,2612.659,15927.879,3935.124,20822.792,15.241,105.905,294.539,504.815,297.498,3056.643,240.245,239.107,52.511,191.646,41.48,9.7,49.927,6.622,39.981,7.442,20.089,2.318,14.39,1.61
CRESS_018C HCl,31.697,16188.95,26303.85,3913.83,2889.661,17210.786,4455.951,22449.265,16.948,116.154,326.206,573.068,325.211,3314.668,260.54,259.501,56.135,210.786,45.996,10.608,52.491,7.19,44.092,8.137,21.851,2.496,16.001,2.048
CRESS_019C HCl,26.781,43813.356,17620.925,11920.959,4311.947,598181.953,4466.456,3771.268,23.309,17.358,746.86,69.569,3114.136,893.12,158.155,255.291,40.397,159.805,36.911,7.711,37.716,5.081,33.584,6.218,18.016,2.167,14.97,1.929
CRESS_020C HCl,5.193,41639.707,18861.695,12349.869,4663.814,469039.096,4775.795,3839.172,25.441,18.952,867.97,77.001,2264.499,969.914,175.325,287.039,45.766,173.71,42.416,8.073,43.362,5.753,34.715,6.582,19.193,2.312,16.37,2.132
CRESS_021C HCl,<2,45590.499,20176.037,12944.313,4837.988,519859.325,4864.624,3516.152,24.414,17.71,897.612,100.413,2525.263,1056.077,182.959,301.476,48.183,182.68,42.87,8.649,45.093,6.215,36.721,7.088,20.437,2.514,17.321,2.295
CRESS Blank DTPA,<2,-22.481,23.734,<20,<100,247.595,0.836,53.309,<0.2,<0.2,10.241,6.501,0.366,1.99,<0.2,<0.2,<0.2,<0.2,<0.2,<0.2,<0.2,<0.2,<0.2,<0.2,<0.2,<0.2,<0.2,<0.2
CRESS_001A DTPA,<2,11890.506,5923.52,5170.035,29078.596,1244.959,61.979,182518.151,9.327,98.03,35.902,206.471,90.133,81.866,0.885,4.145,0.284,1.678,0.358,<0.2,0.704,<0.2,0.894,<0.2,0.246,<0.2,0.054,<0.2
CRESS_002A DTPA,<2,11522.598,5350.148,5224.967,29266.221,1193.322,61.883,178463.118,8.923,93.097,33.487,181.586,86.564,79.566,0.865,4.045,0.253,1.933,0.265,<0.2,0.572,<0.2,0.796,<0.2,0.249,<0.2,0.059,<0.2
CRESS_003A DTPA,<2,11829.983,5533.02,5154.808,30120.825,1184.842,62.376,180463.719,8.446,92.167,33.972,193.913,86.903,80.353,0.697,3.993,0.236,1.911,0.529,<0.2,0.518,<0.2,0.923,<0.2,0.185,<0.2,0.042,<0.2
CRESS_004A DTPA,<2,18025.306,17375.564,3904.817,47096.846,17345.608,20327.235,78162.314,212.953,78.401,273.249,731.53,1312.42,2272.325,597.272,1669.643,190.72,799.089,201.804,50.956,205.476,24.72,137.712,23.505,58.648,6.733,39.947,4.893
CRESS_005A DTPA,<2,17258.734,17740.749,4039.214,44480.694,16679.114,18619.625,76383.295,203.514,71.604,270.953,686.973,1239.764,2250.833,680.817,1707.5,190.471,783.657,194.568,49.5,198.866,23.857,136.227,22.539,57.095,6.773,38.423,4.801
CRESS_006A DTPA,<2,17126.873,17187.613,3790.523,42728.176,16638.87,18698.87,75748.791,199.591,70.706,264.579,701.944,1211.905,2136.684,561.372,1512.332,177.811,748.47,190.544,48.096,188.935,22.853,130.245,21.857,56.134,6.353,37.533,4.625
CRESS_007A DTPA,<2,19895.937,14763.98,10164.634,9541.276,14566.388,108132.483,19002.853,712.047,327.517,755.429,752.121,303.515,271.306,613.171,2341.863,240.723,905.826,196.768,42.177,181.871,21.687,119.533,20.109,49.589,5.933,35.526,4.687
CRESS_008A DTPA,<2,20002.085,15166.274,10417.479,9422.32,14051.922,102783.496,18271.354,695.458,311.303,743.631,745.122,298.746,269.943,617.229,2243.124,229.245,863.716,192.517,40.809,179.321,21.893,115.722,19.338,47.908,5.731,35.911,4.632
CRESS_009A DTPA,<2,19505.122,14965.534,10543.986,8995.965,13791.591,104150.646,18972.39,695.441,312.682,756.777,755.922,292.814,269.227,584.676,2196.018,228.812,852.914,189.956,40.061,175.899,20.869,112.121,19.281,47.936,5.652,34.987,4.539
CRESS_010A DTPA,<2,22706.83,9607.722,6824.58,31260.898,31925.028,16208.092,11335.557,219.802,127.08,1192.024,965.332,1233.649,658.669,672.384,1580.741,159.82,578.699,121.082,26.24,117.487,15.499,90.661,15.789,40.269,4.947,29.783,3.552
CRESS_011A DTPA,<2,23385.044,8823.568,6690.809,30620.363,33828.891,15899.26,11400.448,209.091,133.341,1239.436,1038.493,1241.707,641.568,727.185,1597.368,161.311,592.53,122.02,26.528,117.96,15.393,91.533,15.542,40.264,4.728,29.342,3.472
CRESS_012A DTPA,<2,23761.45,8955.939,6246.692,31077.101,34272.625,15203.499,10626.74,192.564,123.537,1125.076,945.084,1293.307,671.592,623.819,1457.328,147.545,538.942,111.442,24.361,107.351,14.22,85.265,14.897,38.529,4.575,28.044,3.36
CRESS_013A DTPA,<2,27066.114,33628.922,6582.035,343.463,14537.907,222.319,102790.303,40.229,901.322,1596.699,36.908,624.606,880.022,871.293,1809.874,221.341,822.078,175.504,40.029,181.084,22.907,135.753,24.213,61.67,7.591,47.132,6.267
CRESS_014A DTPA,<2,25930.711,32255.447,8006.009,325.001,14676.694,219.289,104565.666,39.778,923.706,1597.296,31.811,613.869,843.457,826.789,1840.964,230.922,884.442,185.217,41.946,189.159,23.702,141.048,25.688,67.043,7.966,49.598,6.858
CRESS_015A DTPA,<2,25194.659,33115.933,6941.552,366.597,14234.316,207.337,99765.297,39.907,870.294,1542.373,64.03,612.48,892.903,738.662,1632.16,211.464,805.565,171.36,38.695,174.534,22.082,130.485,23.091,60.406,7.241,44.945,6.034
CRESS_016A DTPA,<2,28653.22,10562.691,4006.071,2267.057,18834.561,73848.619,59819.404,314.092,721.88,1329.825,3235.664,323.659,729.165,2225.993,2927.93,518.342,1875.939,400.026,85.604,395.045,48.35,266.869,46.605,115.662,13.338,76.834,9.693
CRESS_017A DTPA,<2,28724.712,10754.618,3847.613,2249.444,18368.882,73510.423,60005.99,314.506,733.141,1349.458,3203.618,328.123,722.402,1922.825,2655.167,508.966,1865.628,402.715,90.256,405.094,49.012,271.922,47.622,117.238,13.764,78.154,9.968
CRESS_018A DTPA,<2,28755.609,10391.832,3881.956,2313.682,18473.139,73329.86,58880.362,314.938,714.116,1329.336,3215.865,322.525,701.816,1857.89,2731.025,506.601,1863.946,397.842,87.925,391.992,49.266,269.829,46.451,114.479,13.26,76.809,9.993
CRESS_019A DTPA,<2,16254.984,688.668,8254.193,6942.921,84291.785,2137.924,237.96,5.836,8.561,1966.37,71.717,668.761,183.157,173.203,226.881,44.624,177.834,38.754,7.944,38.268,5.31,32.543,5.878,16.323,2.035,14.299,1.833
CRESS_020A DTPA,<2,14766.052,695.035,8160.774,6257.043,79527.905,1865.694,236.409,5.3,7.259,1701.51,62.655,612.346,166.574,144.264,193.335,36.106,140.487,30.139,6.195,29.558,4.026,25.528,4.523,12.963,1.492,11.031,1.353
CRESS_021A DTPA,<2,15319.897,674.855,7843.596,6317.447,82862.116,1947.213,232.466,5.299,8.077,1781.95,65.811,636.027,175.414,164.441,213.962,41.792,164.425,37.229,7.494,36.967,4.827,29.332,5.328,15.425,1.982,12.589,1.651
CRESS Blank Dithionite,<2,47.501,20.538,<20,<100,142.253,2.539,72.4,<0.2,2.106,58.145,7.426,5.997,1.221,<0.2,<0.2,<0.2,<0.2,<0.2,<0.2,<0.2,<0.2,<0.2,<0.2,<0.2,<0.2,<0.2,<0.2
CRESS_001D Dithionite,<2,1796.144,3101.76,4885.777,2469.32,151.482,83.498,167911.832,6.116,7.027,25.924,111.712,28.303,86.992,10.261,25.296,1.102,3.4,0.479,<0.2,<0.2,<0.2,<0.2,<0.2,<0.2,<0.2,<0.2,<0.2
CRESS_002D Dithionite,<2,1905.976,2943.033,4101.12,2880.692,124.24,80.449,164993.04,6.529,6.891,16.999,111.625,32.98,90.692,10.167,25.085,1.238,2.876,0.086,<0.2,<0.2,<0.2,<0.2,<0.2,<0.2,<0.2,<0.2,<0.2
CRESS_003D Dithionite,<2,1690.705,3105.086,3245.137,2767.499,175.368,74.21,153419.443,5.867,5.9,17.487,102.277,31.279,92.306,9.893,23.714,1.031,3.008,0.349,<0.2,<0.2,<0.2,<0.2,<0.2,<0.2,<0.2,<0.2,<0.2
CRESS_004D Dithionite,<2,306.327,523.937,447.536,308.681,263.898,1316.279,5364.758,11.038,4.874,27.635,13.093,17.708,119.67,<0.2,0.081,<0.2,0,<0.2,<0.2,<0.2,<0.2,<0.2,<0.2,<0.2,<0.2,<0.2,<0.2
CRESS_005D Dithionite,<2,298.181,390.26,392.934,<100,315.796,1280.282,4971.873,10.825,4.488,27.712,10.564,16.353,103.458,<0.2,0.013,<0.2,-0.119,<0.2,<0.2,<0.2,<0.2,<0.2,<0.2,<0.2,<0.2,<0.2,<0.2
CRESS_006D Dithionite,<2,793.696,1517.282,1540.234,214.819,331.423,1568.815,52064.534,16.848,5.848,37.967,46.619,23.181,133.184,0.336,0.825,<0.2,0.131,<0.2,<0.2,<0.2,<0.2,<0.2,<0.2,<0.2,<0.2,<0.2,<0.2
CRESS_007D Dithionite,<2,881.49,1402.574,3120.68,553.86,479.549,17332.791,199249.549,149.603,41.928,105.808,120.392,15.346,143.063,6.079,34.833,1.744,8.054,1.558,<0.2,1.731,<0.2,1.128,<0.2,<0.2,<0.2,<0.2,<0.2
CRESS_008D Dithionite,<2,752.892,1226.316,3397.295,<100,409.501,17169.374,186483.53,142.897,43.269,84.594,96.288,13.751,132.819,5.997,35.327,1.604,8.298,1.864,<0.2,1.639,<0.2,1.146,<0.2,<0.2,<0.2,<0.2,<0.2
CRESS_009D Dithionite,<2,746.402,1788.229,3182.413,<100,422.493,18844.905,173576.608,154.026,43.597,90.515,114.386,12.93,167.658,5.971,35.271,1.682,6.641,1.491,<0.2,1.499,<0.2,0.873,<0.2,<0.2,<0.2,<0.2,<0.2
CRESS_010D Dithionite,<2,1144.495,1546.889,2132.886,918.803,712.552,914.576,55143.064,16.675,13.657,172.46,61.442,32.481,96.023,0.682,1.418,<0.2,0.052,<0.2,<0.2,<0.2,<0.2,<0.2,<0.2,<0.2,<0.2,<0.2,<0.2
CRESS_011D Dithionite,<2,1066.506,1545.884,2023.881,926.355,581.8,866.478,57751.707,15.955,15.037,173.227,63.287,30.497,93.133,0.763,1.66,<0.2,0.048,<0.2,<0.2,<0.2,<0.2,<0.2,<0.2,<0.2,<0.2,<0.2,<0.2
CRESS_012D Dithionite,<2,1149.115,1460.442,1986.699,982.526,705.649,1065.976,52822.492,16.723,16.831,163.385,62.736,32.28,131.901,0.685,1.285,<0.2,0.144,<0.2,<0.2,<0.2,<0.2,<0.2,<0.2,<0.2,<0.2,<0.2,<0.2
CRESS_013D Dithionite,<2,1858.652,1878.333,3392.349,<100,499.843,500.962,11105.148,13.832,13.637,32.018,25.482,19.31,102.125,0.241,0.465,<0.2,-0.053,<0.2,<0.2,<0.2,<0.2,<0.2,<0.2,<0.2,<0.2,<0.2,<0.2
CRESS_014D Dithionite,<2,2354.998,2185.262,3257.645,<100,469.903,501.89,18351.127,14.864,14.816,53.131,27.83,21.487,150.964,0.38,0.729,<0.2,0.161,<0.2,<0.2,<0.2,<0.2,<0.2,<0.2,<0.2,<0.2,<0.2,<0.2
CRESS_015D Dithionite,<2,2086.549,1995.042,3027.321,<100,531.486,574.125,18303.817,13.657,15.965,53.221,26.171,21.692,149.729,0.397,0.803,<0.2,0.159,<0.2,<0.2,<0.2,<0.2,<0.2,<0.2,<0.2,<0.2,<0.2,<0.2
CRESS_016D Dithionite,<2,416.343,866.394,773.515,<100,371.01,10199.415,10652.727,45.73,18.962,43.887,46.986,10.44,145.018,0.348,1.685,<0.2,0.287,<0.2,<0.2,<0.2,<0.2,<0.2,<0.2,<0.2,<0.2,<0.2,<0.2
CRESS_017D Dithionite,<2,371.258,892.844,713.353,<100,329.7,9051.256,9078.825,41.943,18.598,37.822,40.33,9.905,135.039,0.286,1.334,<0.2,0.056,<0.2,<0.2,<0.2,<0.2,<0.2,<0.2,<0.2,<0.2,<0.2,<0.2
CRESS_018D Dithionite,<2,400.531,901.267,737.589,<100,402.872,10649.18,10711.083,48.701,21.112,45.493,53.97,9.303,142.823,0.387,1.527,<0.2,0.088,<0.2,<0.2,<0.2,<0.2,<0.2,<0.2,<0.2,<0.2,<0.2,<0.2
CRESS_019D Dithionite,<2,4179.64,289.566,584.211,<100,4943.338,1721.485,564.487,11.793,13.978,59.435,6.37,33.788,121,<0.2,<0.2,<0.2,-0.23,<0.2,<0.2,<0.2,<0.2,<0.2,<0.2,<0.2,<0.2,<0.2,<0.2
CRESS_020D Dithionite,<2,4520.364,256.655,474.974,<100,5280.673,1998.256,563.249,14.207,15.888,64.427,8.222,29.587,133.924,<0.2,<0.2,<0.2,-0.143,<0.2,<0.2,<0.2,<0.2,<0.2,<0.2,<0.2,<0.2,<0.2,<0.2
CRESS_021D Dithionite,<2,4708.266,292.249,529.172,<100,5946.351,2349.707,608.158,16.472,15.44,86.349,7.053,35.574,146.392,<0.2,0.25,<0.2,-0.173,<0.2,<0.2,<0.2,<0.2,<0.2,<0.2,<0.2,<0.2,<0.2,<0.2
CRESS Blank Pyrophosphate,<2,<2,149.294,<5,<100,109.367,2.345,207.146,<0.2,13.755,4.665,42.396,7.749,20.492,<0.2,<0.2,<0.2,<0.2,<0.2,<0.2,<0.2,<0.2,<0.2,<0.2,<0.2,<0.2,0.262,<0.2
CRESS_001E Pyrophosphate,<2,963.958,11689.072,4169.642,1866.891,142.497,30.403,62986.734,1.936,9.405,3.708,77.161,18.056,64.925,27.642,67.394,3.214,8.625,0.967,<0.2,1.085,0.119,0.582,<0.2,0.218,<0.2,0.895,<0.2
CRESS_002E Pyrophosphate,<2,663.696,9754.153,3809.184,1649.617,130.882,24.653,48748.869,1.356,9.046,1.705,66.314,16.152,55.111,24.89,58.689,3.076,8.286,1.505,<0.2,0.893,0.125,0.493,<0.2,0.127,<0.2,0.567,<0.2
CRESS_003E Pyrophosphate,<2,688.43,9314.753,3527.14,1440.915,140.112,26.821,46809.945,1.261,10.554,2.14,71.446,15.644,52.978,21.052,49.093,2.569,7.303,1.133,<0.2,0.482,0.091,0.23,<0.2,0.04,<0.2,0.621,<0.2
CRESS_004E Pyrophosphate,<2,95.294,2696.846,674.575,336.141,197.757,245.688,10529.662,1.46,5.747,1.829,35.718,10.785,54.212,7.744,20.859,2.226,12.903,2.509,0.442,2.436,0.276,1.124,<0.2,0.436,<0.2,0.912,<0.2
CRESS_005E Pyrophosphate,<2,11.983,2511.691,636.597,256.581,175.205,231.264,9849.808,1.427,5.732,1.785,37.288,9.998,50.838,6.827,19.321,2.179,11.06,2.432,0.295,2.274,0.22,1.156,<0.2,0.319,<0.2,0.899,<0.2
CRESS_006E Pyrophosphate,<2,717.716,5747.538,10891.666,1040.288,190.239,207.243,10894.086,3.167,8.547,9.666,37.669,10.826,45.389,11.3,31.63,3.719,18.852,4.501,0.895,4.036,0.498,2.333,<0.2,1.04,<0.2,1.22,<0.2
CRESS_007E Pyrophosphate,<2,607.354,10211.242,7834.118,940.524,256.699,1565.122,29466.946,13.216,14.231,7.808,50.947,8.323,31.635,10.245,61.339,3.203,15.361,2.648,0.574,3.317,0.429,2.552,0.303,1.3,<0.2,1.414,<0.2
CRESS_008E Pyrophosphate,<2,456.917,6182.971,3425.55,824.352,195.625,871.475,18283.437,7.155,11.528,4.68,45.59,7.135,18.955,6.529,38.267,1.98,8.744,1.894,0.287,2.018,0.225,1.802,<0.2,0.659,<0.2,0.895,<0.2
CRESS_009E Pyrophosphate,<2,664.66,10119.644,8727.427,941.728,220.964,1551.741,29978.16,13.716,13.804,8.999,51.316,8.335,32.1,9.204,61.575,3.029,13.284,2.852,0.468,3.022,0.415,2.083,0.252,1.113,<0.2,1.175,<0.2
CRESS_010E Pyrophosphate,<2,985.219,7227.776,12796.207,1143.513,281.875,166.271,12208.607,3.106,9.589,14.173,42.982,14.142,32.526,27.287,81.006,7.596,30.9,6.964,1.485,6.176,0.965,4.451,0.617,1.884,<0.2,1.72,<0.2
CRESS_011E Pyrophosphate,<2,853.901,6145.564,8497.384,815.686,262.823,146.418,9866.37,2.349,9.658,13.387,37.437,9.622,21.586,17.568,51.87,4.957,18.86,4.234,0.672,3.71,0.535,2.608,0.283,1.091,<0.2,1.102,<0.2
CRESS_012E Pyrophosphate,<2,958.802,7025.128,11993.544,1106.281,279.922,218.148,11884.191,3.173,10.26,14.67,46.185,12.135,36.902,25.534,79.516,7.312,31.41,7.058,1.232,5.452,0.767,4.071,0.526,1.689,<0.2,1.733,<0.2
CRESS_013E Pyrophosphate,<2,3823.098,33213.933,72009.82,1331.445,397.005,1613.834,101813.476,39.964,65.594,138.165,92.846,24.387,202.49,29.951,88.684,10.848,47.64,12.411,2.282,10.98,1.189,6.646,0.781,2.876,0.26,2.979,<0.2
CRESS_014E Pyrophosphate,<2,3972.75,36653.433,97182.116,1470.5,436.311,1150.195,97433.805,31.183,72.55,133.234,99.72,21.347,196.528,29.939,85.21,11.008,48.055,12.477,2.214,10.184,1.235,6.61,0.953,3,0.219,2.717,<0.2
CRESS_015E Pyrophosphate,<2,3567.267,33290.6,88558.804,1593.773,379.263,1079.626,92668.084,24.798,65.935,121.331,90.297,20.508,183.815,29.014,80.498,10.346,45.23,12.115,2.063,9.328,1.046,5.988,0.87,2.598,0.204,2.583,<0.2
CRESS_016E Pyrophosphate,<2,853.312,9595.756,9870.181,454.826,344.373,3500.237,57777.7,19.978,15.343,35.522,82.079,9.535,101.328,66.002,291.375,23.508,102.184,25.539,5.569,23.06,2.699,15.007,2.55,6.594,0.738,5.358,<0.2
CRESS_017E Pyrophosphate,<2,833.677,9614.579,9031.288,488.261,418.497,4105.082,58102.729,21.821,15.958,39.033,97.9,9.529,101.357,69.798,304.744,24.273,106.487,26.32,5.725,23.945,2.9,15.718,2.438,7.106,0.745,5.855,<0.2
CRESS_018E Pyrophosphate,<2,794.102,9032.462,9206.842,360.293,361.089,4472.879,57943.414,25.704,17.277,34.548,93.032,8.272,116.348,68.257,313.349,24.357,101.29,26.437,5.456,24.513,2.752,14.684,2.272,6.329,0.736,5.84,<0.2
CRESS_019E Pyrophosphate,<2,4094.872,7477.148,26810.374,1580.624,1547.63,583.166,5815.719,4.815,10.854,90.264,55.707,16.978,64.443,10.785,60.279,2.872,13.315,3.114,0.407,3.2,0.419,2.71,0.29,1.33,<0.2,1.529,<0.2
CRESS_020E Pyrophosphate,<2,4704.875,8017.811,27541.708,1394.236,1520.856,718.762,6016.137,5.526,9.878,98.389,51.399,18.248,86.137,12.781,69.921,3.884,16.973,4.443,0.639,4.437,0.626,3.227,0.475,1.576,<0.2,1.673,<0.2
CRESS_021E Pyrophosphate,<2,5241.147,8542.107,28984.479,1552.184,1870.166,831.456,6390.396,6.853,11.829,115.609,56.006,17.598,96.12,15.152,85.626,4.713,20.381,5.249,0.688,4.862,0.698,3.528,0.54,2.105,<0.2,2.371,<0.2