datafile,hystarid,is_qc,is_srfa,count_shield,mean_shield,std_shield,min_shield,25%_shield,50%_shield,75%_shield,max_shield,count_capillary,mean_capillary,std_capillary,min_capillary,25%_capillary,50%_capillary,75%_capillary,max_capillary,IAT,isotope_delta_error_mean,isotope_delta_error_std,n_iso_used,n_missing_parents,organic_count,inorganic_count,organic_ratio,c13_count,cl37_count,c13_ratio,qc_assign_rms,qc_total_assign,qc_total_CHO,qc_pc_assign,qc_pc_CHO,qc_mass_median,qc_mass_skew,qc_mass_kurt,qc_SN_median,qc_wa_OC,qc_wa_HC,qc_wa_mz,qc_wa_AIMod,qc_wa_NOSC,tic,baseline_noise,baseline_noise_std,peaks,cal_points,cal_rms,raw_error_median,raw_error_stdev,original_masscalcoef_A,original_masscalcoef_B,original_masscalcoef_C,resolving_power_peaks_removed
CRESS_Set_2_05C_r1_22_1_31985.d,31985,False,False,828.0,90.53089141845703,2.149756908416748,76.93299865722656,90.06099700927734,90.68599700927734,91.31199645996094,96.31300354003906,829.0,2500.0,0.0,2500.0,2500.0,2500.0,2500.0,2500.0,0.01,-4.392498314587101e-05,6.729902915138667e-05,2,0,765,376,2.0345744680851063,29,206,0.1407766990291262,0.08382979617189228,566,516,48.12925170068027,43.87755102040816,351.09057539690934,0.7221930959081734,1.791842402354661,12.948129071278391,0.55097630677074,1.193995953884803,337.7345098673129,0.28864462140754915,-0.07617462979767199,434756963.6937712,420148.5943640327,194528.79919054714,1176,112.0,0.03719966825597184,0.7509183669837646,0.06287439597883833,215005950.77443844,-21.747780185561815,-11513.908532616591,35
CRESS_Set_2_06C_r2_23_1_32020.d,32020,False,False,829.0,93.18024444580078,2.103315591812134,79.43399810791016,92.56199645996094,93.18699645996094,94.43699645996094,98.81300354003906,830.0,2500.0,0.0,2500.0,2500.0,2500.0,2500.0,2500.0,0.01,-1.9377255284780404e-06,4.029907070241449e-05,9,0,1351,497,2.7183098591549295,73,250,0.292,0.08553393334466067,1043,865,55.86502410283878,46.33101231922871,383.0258534389569,0.5107906363274387,0.7897185591519751,14.038600240321127,0.5598376116664379,1.138048151310374,365.5581194863615,0.31599894492883474,0.006422266895012033,437078920.30707794,394562.8521623321,182682.60055115976,1861,197.0,0.039339825355997865,0.7507152845916105,0.06865049232337492,215005950.77443844,-21.747780185561815,-11513.908532616591,75
CRESS_Set_1_001C_r2_2_1_32061.d,32061,False,False,830.0,98.05792236328125,2.1711080074310303,87.56099700927734,96.93800354003906,98.18800354003906,99.43900299072266,103.81500244140625,831.0,2500.0,0.0,2500.0,2500.0,2500.0,2500.0,2500.0,0.01,-2.2615183297602925e-05,2.451696144617331e-05,2,0,1092,388,2.814432989690722,47,187,0.25133689839572193,0.08621717132387458,892,836,59.66555183946488,55.91973244147157,415.04158096813114,0.036539998912841834,-0.545917481040977,14.039052162534679,0.5882512869116183,1.06370316448975,407.9679334682871,0.33951876853677576,0.12343963683667969,437456962.97471297,423773.1708116869,196206.97808581105,1494,219.0,0.0482204719857337,0.8140708342342438,0.07242186034481567,215005950.77443844,-21.747780185561815,-11513.908532616591,42
CRESS_Set_2_07C_r2_24_1_32031.d,32031,False,False,828.0,87.12954711914062,2.7758164405822754,74.43199920654297,85.05999755859375,86.93599700927734,89.43599700927734,93.81199645996094,829.0,2500.0,0.0,2500.0,2500.0,2500.0,2500.0,2500.0,0.01,2.6406308732715743e-06,4.171494443661979e-05,108,0,1686,440,3.831818181818182,193,254,0.7598425196850394,0.08646842283482697,1316,1061,60.95414543770264,49.14312181565539,415.6483002437967,-0.08096753858559803,-0.2335459596541245,14.223574180975131,0.59411809356608,1.144894309219518,402.1728408728353,0.2756531955157407,0.06200970390668411,438946528.7515815,401190.80464732647,185751.34255171215,2150,235.0,0.04061480877218815,0.7644607514945378,0.06455617624907457,215005950.77443844,-21.747780185561815,-11513.908532616591,83
CRESS_Set_1_002C_r2_4_1_32058.d,32058,False,False,830.0,98.31629943847656,2.8145198822021484,86.30999755859375,96.93800354003906,98.18800354003906,100.06400299072266,109.44100189208984,831.0,2500.0,0.0,2500.0,2500.0,2500.0,2500.0,2500.0,0.01,-1.2789081424102733e-05,4.6984499346291336e-05,12,0,1320,387,3.4108527131782944,68,208,0.3269230769230769,0.08886925689209832,1067,987,61.676300578034684,57.052023121387286,423.16640817047227,0.131215636727783,-0.3468711256882795,14.348832851789611,0.5855302894458841,1.054752711158665,413.74803205617604,0.34491669190867874,0.12583293582588648,438111455.8766401,406455.0453545773,188188.6859991693,1724,254.0,0.043958248058159045,0.8263954583328296,0.06706259582814439,215005950.77443844,-21.747780185561815,-11513.908532616591,77
CRESS_Set_2_05C_r2_22_1_31990.d,31990,False,False,829.0,89.36967468261719,1.636812686920166,76.93299865722656,88.81099700927734,89.43599700927734,90.06099700927734,93.81199645996094,830.0,2500.0,0.0,2500.0,2500.0,2500.0,2500.0,2500.0,0.01,-3.3074031356201365e-06,3.249183518759788e-05,35,0,2011,594,3.3855218855218854,207,404,0.5123762376237624,0.08618305586786257,1394,1059,52.58393059222934,39.94718973972086,379.60138795293074,0.36396083641560023,0.4403362599523839,14.740404730712859,0.5486774494599131,1.197426591616556,357.6566869120539,0.285794728246674,-0.07056943261043927,442858383.25034004,421127.1960695167,194981.89178018624,2646,258.0,0.03373446854536798,0.7665562406913253,0.055306466634275395,215005950.77443844,-21.747780185561815,-11513.908532616591,103
CRESS_Set_2_07C_r1_24_1_31977.d,31977,False,False,828.0,93.36296081542969,2.3675832748413086,78.80899810791016,92.56199645996094,93.81199645996094,94.43699645996094,101.93900299072266,828.0,2500.0,0.0,2500.0,2500.0,2500.0,2500.0,2500.0,0.01,9.088223374093128e-07,3.9725523720623445e-05,156,0,2171,487,4.457905544147844,279,292,0.9554794520547946,0.08455761071400454,1651,1273,61.4668652271035,47.393894266567386,419.11978053496694,-0.16581656470009637,-0.308653717958423,15.018835078635252,0.5895702917624194,1.1516294282365094,401.49200097060736,0.27361798876082555,0.04932201258574689,442113724.02689576,413246.3968840282,191333.08175730507,2679,265.0,0.03697501835257479,0.7486982369369136,0.06401256852940194,215005950.77443844,-21.747780185561815,-11513.908532616591,109
CRESS_Set_1_001C_r1_2_1_32046.d,32046,False,False,827.0,97.1556396484375,1.647274374961853,85.05999755859375,96.31300354003906,97.56300354003906,98.18800354003906,103.81500244140625,827.0,2500.0,0.0,2500.0,2500.0,2500.0,2500.0,2500.0,0.01,4.060400986342453e-05,7.359422105719268e-05,6,0,1373,449,3.0579064587973273,67,235,0.2851063829787234,0.0844221437148595,1078,997,58.270270270270274,53.891891891891895,422.5329657630288,0.08700831324687693,-0.37051549851530874,14.845505052549107,0.5837746463980127,1.0810966069752401,410.54607986634664,0.331382874667342,0.0999702944388652,439415979.4413628,414905.49628764857,192101.2447811813,1847,255.0,0.04100065615211584,1.0098736917608382,0.05990146581411184,215005950.77443844,-21.747780185561815,-11513.908532616591,55
CRESS_Set_1_Blank_H2O_r1_8_1_32040.d,32040,False,False,830.0,92.64401245117188,1.6143995523452759,81.30899810791016,91.93699645996094,92.56199645996094,93.81199645996094,98.18800354003906,830.0,2500.0,0.0,2500.0,2500.0,2500.0,2500.0,2500.0,0.01,6.679689642125243e-06,2.8945448160269588e-05,31,0,1534,793,1.9344262295081966,234,608,0.3848684210526316,0.10428479461935154,703,390,29.291666666666664,16.25,385.2598930920573,0.5695534688232337,0.30995762392930715,13.939194257741512,0.42323017259910556,1.581554898012839,374.00956638494677,0.10070055066201486,-0.6764938599787462,441133273.56478304,410942.5005129841,190266.37773751165,2393,53.0,0.051250995945206136,1.0085981757847868,0.4786377858855746,215005950.77443844,-21.747780185561815,-11513.908532616591,121
CRESS_Set_2_06C_r1_23_1_31954.d,31954,False,False,830.0,93.23601531982422,2.6208202838897705,80.68399810791016,92.56199645996094,93.81199645996094,94.43699645996094,101.31400299072266,831.0,2500.0,0.0,2500.0,2500.0,2500.0,2500.0,2500.0,0.01,-4.832410280580731e-07,3.788936519594098e-05,186,0,3241,808,4.0111386138613865,498,546,0.9120879120879121,0.08601352838013596,2287,1619,56.04018622886547,39.671649105611365,401.1819511481338,0.07076804487955547,-0.3898382201876198,14.508043668634347,0.551575545470615,1.1638136562387038,377.29712932129075,0.2994022348106433,-0.02081599605400189,449262878.71811616,403900.1694325556,187005.77844727325,4072,333.0,0.03528705098958871,0.6604126607216904,0.057751600427444004,215005950.77443844,-21.747780185561815,-11513.908532616591,213
CRESS_Set_1_Blank_H2O_r2_8_1_32051.d,32051,False,False,832.0,85.04273986816406,1.3244916200637817,77.55799865722656,84.43499755859375,85.05999755859375,85.68499755859375,90.68599700927734,833.0,2500.0,0.0,2500.0,2500.0,2500.0,2500.0,2500.0,0.01,-3.1198741131296024e-06,5.276343735330568e-05,24,0,1279,757,1.689564068692206,186,585,0.31794871794871793,0.10041118938705072,583,339,27.487034417727486,15.983026874115982,373.1871365225796,0.7324977648236461,0.3215022443922386,14.57892586064503,0.4213511338913506,1.582885801728811,375.85882288584224,0.09975684383373924,-0.6831023693287415,440197962.65677094,415286.2634504449,192277.539977556,2111,40.0,0.039971967075305447,0.9644513435656902,0.3217857419357951,215005950.77443844,-21.747780185561815,-11513.908532616591,109
CRESS_Set_1_003C_r1_6_1_32047.d,32047,False,False,831.0,90.43964385986328,2.046774387359619,78.80899810791016,90.06099700927734,90.68599700927734,91.31199645996094,96.93800354003906,832.0,2500.0,0.0,2500.0,2500.0,2500.0,2500.0,2500.0,0.01,5.948202180241844e-06,4.684396827788893e-05,117,0,2054,440,4.668181818181818,219,244,0.8975409836065574,0.08613117435467556,1630,1476,64.9402390438247,58.80478087649402,441.1224829143846,0.03818601638030271,-0.4553217672959926,15.551947182275368,0.5887523146604576,1.0349678311296653,425.96222179668047,0.3533400043101548,0.15387440312973244,443920726.61377895,410741.8690575285,190173.48537363572,2501,350.0,0.040348639141812546,1.019733808225556,0.06190948477339713,215005950.77443844,-21.747780185561815,-11513.908532616591,111
CRESS_Set_2_06B_r2_3_1_32016.d,32016,False,False,828.0,92.2621841430664,2.1619246006011963,77.55799865722656,91.93699645996094,92.56199645996094,93.18699645996094,97.56300354003906,829.0,2500.0,0.0,2500.0,2500.0,2500.0,2500.0,2500.0,0.01,-1.445419636702898e-06,3.20427207451282e-05,301,0,4473,625,7.1568,808,616,1.3116883116883118,0.08492034849236638,3061,1868,59.517791172467426,36.321213299630564,394.1146842904095,0.11937342271218707,-0.28694765936878586,15.348415578186565,0.5121078035329243,1.214009625667081,367.8278886512704,0.279465936923183,-0.13804563993890262,453171097.05328715,417953.80722026783,193512.61274298403,5136,390.0,0.031960159994186665,0.7708054848083828,0.05863834575985619,215005950.77443844,-21.747780185561815,-11513.908532616591,316
CRESS_Set_1_001B_r2_1_1_32057.d,32057,False,False,831.0,96.2864761352539,2.738863229751587,82.55899810791016,95.06300354003906,96.93800354003906,98.18800354003906,101.31400299072266,831.0,2500.0,0.0,2500.0,2500.0,2500.0,2500.0,2500.0,0.01,-2.0676218186616683e-06,4.237431140164829e-05,177,0,2801,542,5.167896678966789,404,376,1.074468085106383,0.08908329116583123,1912,1632,56.752745621846245,48.44167408726625,435.6276460533647,-0.06302901639445792,-0.33061183105976566,15.654845332679518,0.5225776440418574,1.1857075634916183,410.1868188067377,0.28074088083232207,-0.12638365054093284,445375524.36034656,404086.3485282523,187091.97936858083,3360,388.0,0.03304207078818852,0.8470887276649304,0.05369570884054065,215005950.77443844,-21.747780185561815,-11513.908532616591,136
CRESS_Set_2_07B_r2_4_1_31991.d,31991,False,False,831.0,86.97626495361328,2.3315489292144775,73.18199920654297,86.30999755859375,87.56099700927734,88.18599700927734,91.93699645996094,832.0,2500.0,0.0,2500.0,2500.0,2500.0,2500.0,2500.0,0.01,2.2892336906918134e-07,3.268871351573713e-05,352,0,4670,743,6.285329744279946,961,904,1.0630530973451326,0.08865147437727142,2746,1701,50.09120758847136,31.028821597956952,411.09919276672815,0.1471343632690359,0.20785129930536517,15.756036104353813,0.4884382468826361,1.4175561264417773,377.08870997338823,0.16108179442796786,-0.39736072274122414,459858881.4185238,423371.2225358061,196020.87603407825,5457,338.0,0.05304460264211846,0.7722919920654376,0.2614555071577824,215005950.77443844,-21.747780185561815,-11513.908532616591,329
CRESS_Set_1_003B_r2_5_1_32056.d,32056,False,False,830.0,90.7264175415039,1.6714330911636353,85.05999755859375,90.06099700927734,91.31199645996094,91.93699645996094,97.56300354003906,831.0,2500.0,0.0,2500.0,2500.0,2500.0,2500.0,2500.0,0.01,-2.9526499901066927e-07,4.071473678506435e-05,200,0,2913,600,4.855,425,410,1.0365853658536586,0.08754055768190033,1969,1657,55.37120359955006,46.59730033745782,433.0779975101904,0.00319859100366383,-0.3179707691403113,15.490697264048253,0.5174948715804637,1.1960483017213293,408.0160290735721,0.27639586137668254,-0.14244052895562007,447614563.62530756,431729.6079440469,199890.80847809374,3548,400.0,0.034187466364795874,0.8709239822216847,0.057937885619720186,215005950.77443844,-21.747780185561815,-11513.908532616591,137
CRESS_Set_2_04B_r2_1_1_32018.d,32018,False,False,832.0,89.91845703125,2.2957468032836914,76.30799865722656,89.43599700927734,90.06099700927734,91.31199645996094,94.43699645996094,833.0,2500.0,0.0,2500.0,2500.0,2500.0,2500.0,2500.0,0.01,4.538718916461411e-08,3.1547425848277155e-05,153,0,3443,617,5.580226904376013,528,536,0.9850746268656716,0.08430367450668856,2273,1456,55.3849902534113,35.4775828460039,379.04225704732295,0.29855316322249115,0.27864498158872486,14.645824023970336,0.509091765014589,1.2287638823814049,358.8961811129136,0.27303303083453645,-0.16009314426451426,447306602.4812402,415352.47560687666,192308.1962059839,4096,336.0,0.03277996118136697,0.7701789711191052,0.05691585356053794,215005950.77443844,-21.747780185561815,-11513.908532616591,236
CRESS_Set_2_04C_r1_21_1_31980.d,31980,False,False,828.0,89.56061553955078,1.9336344003677368,77.55799865722656,88.81099700927734,90.06099700927734,90.68599700927734,96.31300354003906,829.0,2500.0,0.0,2500.0,2500.0,2500.0,2500.0,2500.0,0.01,2.9429312523711183e-06,3.272541593346788e-05,144,0,3043,792,3.842171717171717,446,564,0.7907801418439716,0.08635442682360667,2098,1466,53.96090534979424,37.705761316872426,394.1005512607764,0.2381213177874296,-0.04289683615062856,14.631858045842733,0.5404430649426085,1.2117683925871958,366.4852190084611,0.2768001415186819,-0.09369753670802113,448674820.795537,409825.5806224293,189749.2438281848,3868,310.0,0.031087439198188627,0.778346626737328,0.05256031182000365,215005950.77443844,-21.747780185561815,-11513.908532616591,187
CRESS_Set_1_002B_r1_3_1_32043.d,32043,False,False,830.0,89.95500946044922,2.1045751571655273,78.18299865722656,89.43599700927734,90.06099700927734,91.31199645996094,96.93800354003906,831.0,2500.0,0.0,2500.0,2500.0,2500.0,2500.0,2500.0,0.01,3.5316481210349932e-06,3.955346689501259e-05,194,0,2984,574,5.198606271777003,420,409,1.0268948655256724,0.08673072764867017,2033,1702,56.45653985004165,47.26464870869203,434.16716976679857,-0.044766282752694044,-0.29968565655294643,15.328021271927849,0.5207162209006102,1.1907579587010066,408.2172127944029,0.27939333672930955,-0.1329081192889657,447187563.80396754,416273.42727204046,192734.59682695474,3592,395.0,0.03472374497151598,1.0023699319802108,0.05746709008520086,215005950.77443844,-21.747780185561815,-11513.908532616591,175
CRESS_Set_2_05B_r1_2_1_31978.d,31978,False,False,830.0,95.33379364013672,1.9163719415664673,77.55799865722656,94.43699645996094,95.68800354003906,96.31300354003906,99.43900299072266,831.0,2500.0,0.0,2500.0,2500.0,2500.0,2500.0,2500.0,0.01,7.696797142257723e-07,3.5058872666434045e-05,165,0,3431,598,5.737458193979933,542,550,0.9854545454545455,0.08387898987846272,2253,1456,55.410723069355626,35.80914904082636,376.125243638819,0.186206934799036,-0.16258435056482856,14.62165723729596,0.5042124100714312,1.260118086528943,354.4871413694969,0.259382942575046,-0.20270928820498751,448048850.042245,427080.90937996027,197738.4610429216,4056,370.0,0.04550459334382556,0.7687214778293519,0.20614113342543836,215005950.77443844,-21.747780185561815,-11513.908532616591,221
CRESS_Set_2_05B_r2_2_1_32007.d,32007,False,False,831.0,93.32848358154297,1.6381889581680298,77.55799865722656,92.56199645996094,93.81199645996094,94.43699645996094,96.93800354003906,832.0,2500.0,0.0,2500.0,2500.0,2500.0,2500.0,2500.0,0.01,-1.1225694584835151e-07,3.1307862195343756e-05,197,0,3834,705,5.438297872340425,619,634,0.9763406940063092,0.08463266627651259,2498,1582,54.36343852013058,34.42872687704026,381.1739758630549,0.30405969775489544,0.14128836304311632,14.87553299475217,0.502651579891753,1.2626800244096057,357.06643651053025,0.2577947285117524,-0.20665595839665238,448856148.2402072,407488.96546391794,188667.39100979402,4588,385.0,0.047960670703348376,0.7747506637538358,0.18056915252718167,215005950.77443844,-21.747780185561815,-11513.908532616591,266
CRESS_Set_1_002C_r1_4_1_32042.d,32042,False,False,827.0,96.58196258544922,1.7865848541259766,83.18499755859375,95.68800354003906,96.93800354003906,97.56300354003906,103.19000244140625,827.0,2500.0,0.0,2500.0,2500.0,2500.0,2500.0,2500.0,0.01,-4.712959547161369e-07,4.766921486188666e-05,196,0,2857,626,4.563897763578275,385,424,0.9080188679245284,0.08822343823384317,2065,1774,58.88223552894212,50.584545195323635,442.10767976219654,-0.001055093658839912,-0.408991587790426,15.862054210165637,0.5702957963041061,1.0952883265928606,421.4533644918035,0.3227057863035506,0.061079101188974985,448922714.1870551,417212.5958221603,193169.43186566024,3494,397.0,0.03684143734474764,1.019931190222105,0.06512925691160328,215005950.77443844,-21.747780185561815,-11513.908532616591,140
CRESS_Set_1_003C_r2_6_1_32060.d,32060,False,False,827.0,91.2088394165039,1.8356975317001343,80.68399810791016,90.68599700927734,91.31199645996094,92.56199645996094,95.68800354003906,827.0,2500.0,0.0,2500.0,2500.0,2500.0,2500.0,2500.0,0.01,2.707879417036662e-06,4.569564270936707e-05,311,0,3294,616,5.347402597402597,507,439,1.1548974943052392,0.08843813721645188,2421,2048,61.462300076161455,51.992891596852,452.0919259943539,-0.02355768074566105,-0.43218079893524175,15.947594668755855,0.5813523761584869,1.0572470293985594,430.96425134962317,0.3393392344847591,0.12021735502319734,452245169.58646375,411230.2855386584,190399.62220439885,3922,427.0,0.037112638836626424,0.8592922906282487,0.06307293185236744,215005950.77443844,-21.747780185561815,-11513.908532616591,186
CRESS_Set_2_04C_r2_21_1_32024.d,32024,False,False,828.0,87.98432159423828,1.6909104585647583,75.05799865722656,87.56099700927734,88.18599700927734,88.81099700927734,91.93699645996094,829.0,2500.0,0.0,2500.0,2500.0,2500.0,2500.0,2500.0,0.01,-3.585562168808565e-06,3.108022371012593e-05,200,0,3542,851,4.162162162162162,582,667,0.8725637181409296,0.08711262630213235,2436,1658,54.803149606299215,37.300337457817776,399.0648248069439,0.18775745781945333,-0.08624771935210607,14.62179291861563,0.5423097277318009,1.2147817801026304,369.7360513051332,0.2734214341080467,-0.08994702938067087,452677808.770009,411459.55843922467,190505.77555736102,4436,365.0,0.040756400467131,0.7822706846962048,0.08434170189609505,215005950.77443844,-21.747780185561815,-11513.908532616591,238
CRESS_Set_1_002B_r2_3_1_32055.d,32055,False,False,830.0,87.75350189208984,2.030207633972168,76.93299865722656,86.30999755859375,87.56099700927734,89.27974700927734,93.18699645996094,831.0,2500.0,0.0,2500.0,2500.0,2500.0,2500.0,2500.0,0.01,8.159175491631559e-07,3.673733914803585e-05,404,0,4498,736,6.111413043478261,869,651,1.3348694316436251,0.08746725029037883,2922,2238,55.26763760166447,42.33024399470399,443.0365732084581,-0.04797085442340793,-0.32592644463486,15.53583081871669,0.5170815695477609,1.1964952397699147,413.8167727603518,0.27485120611034564,-0.1395528097438513,457992242.1627726,418392.67108578264,193715.80671271737,5260,468.0,0.032524246424022046,0.9140154495949524,0.055776501273578,215005950.77443844,-21.747780185561815,-11513.908532616591,259
CRESS_Set_1_003B_r1_5_1_32045.d,32045,False,False,827.0,91.13097381591797,2.0977182388305664,78.18299865722656,90.68599700927734,91.31199645996094,92.56199645996094,96.31300354003906,828.0,2500.0,0.0,2500.0,2500.0,2500.0,2500.0,2500.0,0.01,1.8399139045445153e-06,4.1330178310360854e-05,422,0,4551,798,5.703007518796992,870,672,1.2946428571428572,0.09041538374757553,2993,2303,55.37465309898242,42.608695652173914,445.18724602011633,-0.018614523459462146,-0.30580088139101225,15.48477798473221,0.5160061454612914,1.200681517725683,415.53319064548015,0.2722625510862972,-0.14561251112723797,457489548.8245846,402954.07746872486,186567.7378680196,5387,491.0,0.03484320789372166,1.0356026518307193,0.058041240198269534,215005950.77443844,-21.747780185561815,-11513.908532616591,352
CRESS_Set_1_001B_r1_1_1_32039.d,32039,False,False,827.0,96.71117401123047,2.453490734100342,83.80999755859375,95.68800354003906,96.93800354003906,98.18800354003906,101.31400299072266,828.0,2500.0,0.0,2500.0,2500.0,2500.0,2500.0,2500.0,0.01,-3.089105826526003e-07,4.441050256746626e-05,467,0,4666,723,6.453665283540802,968,665,1.455639097744361,0.09193649556986579,3066,2383,56.49530127142067,43.91007923346232,449.6292246541429,-0.04548291830015416,-0.3238710795478137,15.411746286281964,0.5200151669309843,1.195657339277607,418.6150934237056,0.27247155287776886,-0.1356731945558036,457302774.3438176,408711.2859647337,189233.3254016717,5405,494.0,0.03574225295330082,0.9918652315617417,0.06163097805229562,215005950.77443844,-21.747780185561815,-11513.908532616591,274
CRESS_Set_2_06B_r1_3_1_31955.d,31955,False,False,829.0,92.01596069335938,2.3569583892822266,80.05899810791016,91.31199645996094,92.56199645996094,93.18699645996094,98.81300354003906,830.0,2500.0,0.0,2500.0,2500.0,2500.0,2500.0,2500.0,0.01,2.0917077186499407e-06,3.426383738442181e-05,586,0,6832,880,7.763636363636364,1504,1003,1.4995014955134596,0.08552717469368631,4477,2550,57.50064217826869,32.751091703056765,408.0363221774161,0.12585226863801122,-0.3211836964239376,16.822012640418123,0.5106606505008167,1.216301559405159,375.94598981621454,0.277060749962442,-0.13654835412056157,466155689.4943169,397151.12289543386,183880.9699005859,7760,455.0,0.030501976411770708,0.6931852023978308,0.0549125281025529,215005950.77443844,-21.747780185561815,-11513.908532616591,581
CRESS_Set_2_07B_r1_4_1_31971.d,31971,False,False,828.0,87.61048889160156,3.7398059368133545,73.80699920654297,87.56099700927734,88.81099700927734,89.43599700927734,95.06300354003906,829.0,2500.0,0.0,2500.0,2500.0,2500.0,2500.0,2500.0,0.01,6.606044773529e-07,3.517069730402686e-05,524,0,6517,961,6.781477627471384,1494,1308,1.1422018348623852,0.09296401699168709,3725,2117,49.26597010977384,27.99894193889697,424.1697235487089,0.12446408518308327,0.053513784121316466,16.570568013843218,0.4893822296871144,1.4181666067613252,384.5656401580726,0.16066985528772637,-0.39341692818920704,473321129.03376776,401475.82749377395,185883.30812961733,7500,404.0,0.05095893820578511,0.786225982201686,0.2616955056789993,215005950.77443844,-21.747780185561815,-11513.908532616591,535
CRESS_Set_1_Blank_HCl_r1_7_1_32037.d,32037,False,False,827.0,90.57456970214844,2.245422840118408,75.68299865722656,90.06099700927734,91.31199645996094,91.93699645996094,95.06300354003906,828.0,2500.0,0.0,2500.0,2500.0,2500.0,2500.0,2500.0,0.01,-1.0269102873129063e-06,3.201594804896519e-05,375,0,5785,1232,4.695616883116883,1393,1722,0.8089430894308943,0.11419057540594596,2736,1207,38.47560118126846,16.973702714104906,410.14900694853475,0.34605605499820413,-0.3644424006610616,18.397457044608778,0.491038580798813,1.5849847265368768,357.38224683084667,0.08995989389840588,-0.566571221170331,479919593.1057925,421085.5222540412,194962.5968036211,6999,192.0,0.08137629924638204,0.9340066465201048,0.5846442781219116,215005950.77443844,-21.747780185561815,-11513.908532616591,454
CRESS_Set_2_04B_r1_1_1_31957.d,31957,False,False,827.0,90.3182601928711,2.3755016326904297,78.80899810791016,90.06099700927734,90.68599700927734,91.31199645996094,97.56300354003906,828.0,2500.0,0.0,2500.0,2500.0,2500.0,2500.0,2500.0,0.01,-5.310307934982395e-07,3.139417037503115e-05,516,0,6371,951,6.699263932702419,1373,992,1.3840725806451613,0.08600407646304088,4144,2398,56.18983050847458,32.51525423728814,404.16057543320676,0.06782766887008428,-0.5016128698769085,16.259098320363705,0.5066309861599054,1.2375168171566766,373.1236619832269,0.2662263862593786,-0.16464250047199364,467977185.0590778,423602.5339581108,196127.9732226053,7346,443.0,0.030423682985872464,0.721973395046871,0.050119255181075684,215005950.77443844,-21.747780185561815,-11513.908532616591,539
CRESS_Set_1_Blank_HCl_r2_7_1_32054.d,32054,False,False,828.0,89.81520080566406,2.1898458003997803,78.18299865722656,88.18599700927734,89.43599700927734,91.31199645996094,96.93800354003906,829.0,2500.0,0.0,2500.0,2500.0,2500.0,2500.0,2500.0,0.01,1.7272577162586164e-06,3.947355711994214e-05,549,0,7769,1674,4.6409796893667865,1992,2423,0.8221213371853074,0.118784739635675,3704,1486,38.6961972419557,15.52444630171333,433.2139735447882,0.2479249375836803,-0.49322565712292343,18.9960278827887,0.485036493200098,1.5776984150519087,372.5386756861295,0.0944328286460377,-0.5696864145135438,508299831.8865109,425666.80000791856,197083.7284036663,9366,231.0,0.09011986467252389,0.9787166938639797,0.6392784186274002,215005950.77443844,-21.747780185561815,-11513.908532616591,761
CRESS_Set_2_08C_r2_29_1_32030.d,32030,False,False,830.0,85.01334381103516,1.5044368505477905,74.43199920654297,84.43499755859375,85.05999755859375,85.68499755859375,91.93699645996094,831.0,2500.0,0.0,2500.0,2500.0,2500.0,2500.0,2500.0,0.01,-3.1337332419974545e-06,3.966935434407096e-05,162,0,2044,549,3.723132969034608,265,282,0.9397163120567376,0.08802905983483006,1622,1232,61.86117467581999,46.98703279938978,427.1430995521581,-0.11238312926412283,-0.14480254657844904,14.243420965474144,0.6050112193870711,1.1309614360888853,411.82715591311404,0.2790244083823043,0.09762222786563121,442104654.3965834,416557.2918411162,192866.0261224368,2595,253.0,0.03406373807643406,0.762726776904311,0.05445345636478885,215005950.77443844,-21.747780185561815,-11513.908532616591,90
CRESS_Set_2_08B_r1_5_1_31944.d,31944,False,False,828.0,90.4334716796875,2.1666817665100098,78.80899810791016,90.06099700927734,90.68599700927734,91.31199645996094,95.68800354003906,828.0,2500.0,0.0,2500.0,2500.0,2500.0,2500.0,2500.0,0.01,5.772432466593928e-07,3.269898789833188e-05,488,0,5863,902,6.5,1306,1187,1.1002527379949452,0.09267870078876456,3402,1996,49.765944997074314,29.198361614979518,424.62771060864293,0.11162832124330778,0.098954073843601,16.585127990686555,0.4947418497939304,1.3970115532847425,388.53086312119865,0.16892027627732395,-0.3637057652334914,469809046.38096434,408291.0544344895,189038.75820316866,6780,379.0,0.052342052229141615,0.461995265088342,0.26855200450355904,215005950.77443844,-21.747780185561815,-11513.908532616591,460
CRESS_Set_2_08C_r1_29_1_31946.d,31946,False,False,830.0,90.90943908691406,2.466519355773926,79.43399810791016,90.68599700927734,91.31199645996094,92.56199645996094,98.18800354003906,831.0,2500.0,0.0,2500.0,2500.0,2500.0,2500.0,2500.0,0.01,4.3056944002728415e-07,4.006893446064111e-05,250,0,2880,698,4.126074498567335,425,411,1.0340632603406326,0.09021762597396091,2174,1528,60.03866335266501,42.19828776581055,435.60932319641415,-0.06140513125492396,-0.01824865361028616,15.361219741324124,0.5988935785640056,1.1347082601919334,414.6905456489209,0.2779343329715109,0.0867962729987317,447089070.1163938,405511.35476047854,187751.75725410157,3597,320.0,0.037567506121167465,0.4957146333637941,0.062251887452836885,215005950.77443844,-21.747780185561815,-11513.908532616591,177
CRESS_Set_2_09C_r1_30_1_31987.d,31987,False,False,828.0,93.00509643554688,1.9135822057724,81.30899810791016,92.56199645996094,93.18699645996094,93.81199645996094,98.81300354003906,829.0,2500.0,0.0,2500.0,2500.0,2500.0,2500.0,2500.0,0.01,9.851893359233634e-07,3.9477560803236865e-05,208,0,2523,588,4.290816326530612,348,327,1.0642201834862386,0.08637228893826927,1960,1444,62.53988513082322,46.07530312699426,427.6588431614829,0.01743294910683273,0.14079951461063267,15.017014495258103,0.5987618568193772,1.1280300842216986,409.4477647403844,0.28332658658636123,0.09492095855172938,445005053.2870471,403428.9277717968,186787.59355834193,3115,290.0,0.035529718233035815,0.7483422585465772,0.0655806207568188,215005950.77443844,-21.747780185561815,-11513.908532616591,140
CRESS_Set_2_08B_r2_5_1_32029.d,32029,False,False,831.0,84.5801010131836,1.7558791637420654,73.18199920654297,83.80999755859375,85.05999755859375,85.68499755859375,88.81099700927734,832.0,2500.0,0.0,2500.0,2500.0,2500.0,2500.0,2500.0,0.01,1.1947678583937535e-06,3.444476124873317e-05,362,0,4742,819,5.78998778998779,989,982,1.0071283095723014,0.09029725822049166,2742,1702,48.65152590489709,30.198722498225695,419.10167968073483,0.11777784510162528,0.1596241843280568,16.034311745969774,0.4950755570122127,1.3972292722868447,385.1754200362373,0.1686161079939653,-0.36563012447541965,460519374.6090145,398419.89292145387,184468.41042263314,5598,350.0,0.058685702492319546,0.776605214437234,0.2813508084265282,215005950.77443844,-21.747780185561815,-11513.908532616591,396
CRESS_Set_2_10B_r1_7_1_31976.d,31976,False,False,828.0,93.94135284423828,2.124413251876831,81.30899810791016,93.18699645996094,94.43699645996094,95.06300354003906,98.18800354003906,829.0,2500.0,0.0,2500.0,2500.0,2500.0,2500.0,2500.0,0.01,-2.2564932325566382e-06,2.8839127893879457e-05,49,0,2611,548,4.764598540145985,307,431,0.7122969837587007,0.08209117923129959,1730,1164,54.07939981244139,36.38637074085651,374.03389898194325,0.3174047717186703,0.43535844467395757,14.01992768687963,0.49302184026968654,1.2679253067871128,350.81554590557755,0.257251148334825,-0.23826721148506438,444252904.71454245,429359.84314078605,198793.60737418395,3194,286.0,0.0335434575409824,0.7715161166633783,0.05242979852260616,215005950.77443844,-21.747780185561815,-11513.908532616591,140
CRESS_Set_2_10C_r2_31_1_32002.d,32002,False,False,829.0,92.36661529541016,2.2095792293548584,78.80899810791016,91.93699645996094,92.56199645996094,93.18699645996094,99.43900299072266,830.0,2500.0,0.0,2500.0,2500.0,2500.0,2500.0,2500.0,0.01,8.990836496044116e-06,1.0400625029973525e-05,3,0,890,496,1.7943548387096775,51,285,0.17894736842105263,0.08959106750551561,651,538,45.39748953974895,37.517433751743376,357.1921926279138,1.0157760882369333,2.3477697412736704,12.818155016235643,0.5379084241081065,1.2046053585232528,350.1316234408545,0.2882415684229535,-0.09156115015688408,436358246.9683558,424020.6160837335,196321.54524676863,1431,112.0,0.03899357614418302,0.7426623824443168,0.05795582246967491,215005950.77443844,-21.747780185561815,-11513.908532616591,38
CRESS_Set_2_09B_r1_6_1_31965.d,31965,False,False,829.0,93.19090270996094,3.956076145172119,78.80899810791016,93.18699645996094,94.43699645996094,95.68800354003906,100.06400299072266,830.0,2500.0,0.0,2500.0,2500.0,2500.0,2500.0,2500.0,0.01,8.061095410542355e-07,3.196992251986801e-05,326,0,4609,755,6.104635761589404,952,967,0.984488107549121,0.08846784912848249,2624,1606,48.341930729550484,29.587324981577005,406.12928481584265,0.22125507869061758,0.3402603997128244,15.28972461228286,0.4783126730262973,1.4207565320052222,371.0268884676536,0.1671187128351321,-0.4160524203603325,463144730.6386735,431148.2643478059,199621.64639303414,5398,333.0,0.049215163777679614,0.753780325567633,0.2855868866115486,215005950.77443844,-21.747780185561815,-11513.908532616591,304
CRESS_Set_2_11C_r1_32_1_31963.d,31963,False,False,828.0,89.24433898925781,3.129481077194214,73.80699920654297,88.81099700927734,90.06099700927734,91.31199645996094,93.18699645996094,829.0,2500.0,0.0,2500.0,2500.0,2500.0,2500.0,2500.0,0.01,-4.447627560466572e-06,5.00435652759591e-06,2,0,431,409,1.0537897310513447,21,201,0.1044776119402985,0.09555670157061573,328,270,37.31513083048919,30.716723549488055,331.15827504147967,1.7266590701373077,3.0049067959038385,10.837263634412004,0.53229648991599,1.2119082198548494,347.74876650762013,0.28628469321006106,-0.11159823508547106,432729306.5058457,398005.995040308,184276.7757036626,876,48.0,0.045331643407072984,0.7178972898422726,0.06711767745452564,215005950.77443844,-21.747780185561815,-11513.908532616591,26
CRESS_Set_2_09C_r2_30_1_31998.d,31998,False,False,832.0,91.54534149169922,1.463968276977539,80.05899810791016,90.68599700927734,91.31199645996094,92.56199645996094,99.43900299072266,833.0,2500.0,0.0,2500.0,2500.0,2500.0,2500.0,2500.0,0.01,2.1569938189249838e-06,3.8204304057484196e-05,245,0,2931,632,4.637658227848101,427,367,1.1634877384196185,0.08902079705524034,2226,1565,62.022847589857896,43.60546113123433,431.0364833506667,-0.0852523559338372,-0.09578817193878253,15.114070003684246,0.5998141987525688,1.1261785749033522,410.4218663176037,0.2838741513071817,0.10116204556498554,447297914.4993062,404935.5746359753,187485.17105645657,3562,308.0,0.03433492779300875,0.756612113664305,0.05685574444194307,215005950.77443844,-21.747780185561815,-11513.908532616591,172
CRESS_Set_2_10C_r1_31_1_31982.d,31982,False,False,832.0,93.70474243164062,2.045980930328369,80.68399810791016,93.18699645996094,93.81199645996094,94.43699645996094,99.43900299072266,832.0,2500.0,0.0,2500.0,2500.0,2500.0,2500.0,2500.0,0.01,2.1160563505873142e-06,3.3894151359214995e-05,20,0,1876,752,2.49468085106383,162,453,0.3576158940397351,0.08655341495079305,1314,938,48.88392857142857,34.89583333333333,379.049148674384,0.5719122580973737,1.082347406733951,13.677374511329287,0.5321307505061574,1.2050856773571996,361.63189803571026,0.28786466908825875,-0.0949419541869012,442982344.9279994,402962.1590229687,186571.47962763454,2679,208.0,0.0378790202028468,0.7627713835660102,0.05365019841960479,215005950.77443844,-21.747780185561815,-11513.908532616591,116
CRESS_Set_2_09B_r2_6_1_32026.d,32026,False,False,827.0,92.43186950683594,2.9166882038116455,77.55799865722656,91.93699645996094,93.18699645996094,93.81199645996094,101.93900299072266,827.0,2500.0,0.0,2500.0,2500.0,2500.0,2500.0,2500.0,0.01,-1.2775061183507074e-06,3.1229840514961906e-05,391,0,5521,867,6.367935409457901,1175,1137,1.0334212840809147,0.09253445074222276,3113,1811,48.188854489164086,28.03405572755418,411.1874261511298,0.1319335243812217,0.04676923669832789,15.654774529485222,0.4800526195349574,1.4138582655556937,374.7059361332074,0.17042960181390096,-0.4039960244240838,467683687.6010039,404653.2850149675,187354.47096192997,6407,368.0,0.05875520412394452,0.7882760333447384,0.2741329953010266,215005950.77443844,-21.747780185561815,-11513.908532616591,404
CRESS_Set_2_10B_r2_7_1_32000.d,32000,False,False,830.0,92.63872528076172,1.7279138565063477,78.80899810791016,91.93699645996094,92.56199645996094,93.81199645996094,96.31300354003906,830.0,2500.0,0.0,2500.0,2500.0,2500.0,2500.0,2500.0,0.01,3.9806259158132505e-06,3.147248578820035e-05,57,0,2759,587,4.7001703577512775,333,451,0.738359201773836,0.08772958393161653,1857,1222,54.81109799291618,36.06847697756789,375.2027078567714,0.41982085588543777,0.6988971188775186,13.700307747556716,0.49370574068600614,1.2708722444691654,353.5012305688501,0.25530765858185556,-0.23882977649685022,444022820.5726726,401238.3264818344,185773.34516108932,3383,286.0,0.03216685777667799,0.7632303941481643,0.051812119723438486,215005950.77443844,-21.747780185561815,-11513.908532616591,160
CRESS_Set_2_11C_r2_32_1_32003.d,32003,False,False,828.0,89.8528060913086,2.073739528656006,76.30799865722656,89.43599700927734,90.06099700927734,90.68599700927734,95.06300354003906,829.0,2500.0,0.0,2500.0,2500.0,2500.0,2500.0,2500.0,0.01,4.679643293709685e-06,1.81503757349046e-05,9,0,1129,601,1.8785357737104826,68,320,0.2125,0.08950924031351519,801,650,45.10135135135135,36.5990990990991,359.0986579952793,0.9089072358437171,2.032317277635613,13.538524427601912,0.5286696335949623,1.2202281597876374,351.05960608750956,0.28103630952758224,-0.12479021039754723,437683631.92532706,401254.7628256994,185780.95518829883,1771,148.0,0.04279946028408147,0.7619028991817755,0.06848936489534385,215005950.77443844,-21.747780185561815,-11513.908532616591,66
CRESS_Set_2_12C_r1_33_1_31942.d,31942,False,False,829.0,89.43753814697266,2.0226523876190186,78.80899810791016,88.81099700927734,89.43599700927734,90.68599700927734,95.06300354003906,830.0,2500.0,0.0,2500.0,2500.0,2500.0,2500.0,2500.0,0.01,-5.5687110665935e-06,3.7729358096079676e-05,9,0,1221,555,2.2,85,315,0.2698412698412698,0.09484172368185825,873,665,47.6528384279476,36.299126637554586,366.04680050684465,0.9234796449127691,1.8540470240994216,12.705414272980162,0.5249277241408,1.2234776488553414,356.4926603050975,0.2764198273529068,-0.1274800093590171,437500540.2420904,387964.056469838,179627.35814553502,1827,148.0,0.04598369070335667,0.37204457220964254,0.06403031684113687,215005950.77443844,-21.747780185561815,-11513.908532616591,104
CRESS_Set_2_13C_r2_34_1_32035.d,32035,False,False,828.0,92.6253662109375,1.3660904169082642,81.30899810791016,91.93699645996094,92.56199645996094,93.18699645996094,98.81300354003906,829.0,2500.0,0.0,2500.0,2500.0,2500.0,2500.0,2500.0,0.01,-5.837921410147828e-06,3.358383601798961e-05,25,0,1318,481,2.74012474012474,101,247,0.4089068825910931,0.08276610554191019,1008,925,55.35420098846787,50.79626578802856,403.14309415251535,0.17353487894248065,-0.4072525466244752,15.167972679284587,0.607667724016453,1.0688847562880626,392.80811661796156,0.3322518588860102,0.15621203266458733,439013898.49585575,408891.56953571766,189316.79669503728,1819,222.0,0.04391597712554693,0.8172947895451182,0.06633772572212705,215005950.77443844,-21.747780185561815,-11513.908532616591,63
CRESS_Set_2_12C_r2_33_1_31989.d,31989,False,False,832.0,92.58822631835938,2.1813149452209473,79.43399810791016,91.93699645996094,92.56199645996094,93.81199645996094,100.06400299072266,833.0,2500.0,0.0,2500.0,2500.0,2500.0,2500.0,2500.0,0.01,9.665715582838987e-07,1.6664967693887334e-05,14,0,1710,616,2.7759740259740258,140,380,0.3684210526315789,0.08657708041576516,1185,870,49.978911851539436,36.693378321383385,375.1088631888427,0.5171343552761994,0.9399507159599723,13.88284192178717,0.5270644575482953,1.21781335449414,357.50030275055553,0.2812471154949918,-0.11597587892118325,439737668.61966145,407711.8169314299,188770.57123925205,2364,187.0,0.033331362012630796,0.7570914637499047,0.05560127857463448,215005950.77443844,-21.747780185561815,-11513.908532616591,100
CRESS_Set_2_13C_r1_34_1_31950.d,31950,False,False,831.0,92.13460540771484,1.9603465795516968,80.68399810791016,91.31199645996094,92.56199645996094,93.18699645996094,97.56300354003906,832.0,2500.0,0.0,2500.0,2500.0,2500.0,2500.0,2500.0,0.01,-6.965048577339552e-06,4.477317197567911e-05,63,0,1730,557,3.1059245960502695,180,325,0.5538461538461539,0.08719322733521817,1251,1125,54.15584415584416,48.701298701298704,411.1662945992699,0.09795070997179371,-0.44762633565833587,15.943659789507343,0.6001603065078523,1.0875740767416149,394.22068891713104,0.3225005650291419,0.12466403985033427,440865380.614116,398188.3029059211,184361.1842454415,2303,259.0,0.03843699626399546,0.5728788404247311,0.0626616060237767,215005950.77443844,-21.747780185561815,-11513.908532616591,104
CRESS_Set_2_14B_r2_11_1_32032.d,32032,False,False,828.0,88.17897033691406,3.099923849105835,76.93299865722656,85.68499755859375,89.43599700927734,90.68599700927734,95.68800354003906,829.0,2500.0,0.0,2500.0,2500.0,2500.0,2500.0,2500.0,0.01,2.822137819899363e-06,3.4589771238853736e-05,92,0,2166,463,4.6781857451403885,277,319,0.8683385579937304,0.08343191934232791,1490,1286,55.95193390912505,48.2914006759294,397.20527797959835,0.21789758175784663,-0.10344799702012297,15.833629801623449,0.5405886305010899,1.200706158566973,371.85763911371487,0.27395257012064816,-0.10769310759759605,441861872.0869777,416844.1216733935,192998.82833478122,2660,307.0,0.031388450754363174,0.7774551016850829,0.051214774502179414,215005950.77443844,-21.747780185561815,-11513.908532616591,123
CRESS_Set_2_14C_r2_35_1_31997.d,31997,False,False,829.0,89.94059753417969,2.3986258506774902,75.68299865722656,89.43599700927734,90.06099700927734,91.31199645996094,95.06300354003906,830.0,2500.0,0.0,2500.0,2500.0,2500.0,2500.0,2500.0,0.01,4.664400827485744e-07,3.7821344980179124e-05,63,0,1661,515,3.225242718446602,165,279,0.5913978494623656,0.0814153162531162,1232,1118,55.74660633484163,50.588235294117645,407.1168842973229,0.23342701150188425,-0.21096199435469742,16.224785298221395,0.5965677967296192,1.084913699030574,391.69600227368574,0.3253629529326687,0.11935163396418833,442041125.5537693,422061.78049141867,195414.60436752686,2203,262.0,0.0332928383756782,0.7517411563674894,0.057431325571758916,215005950.77443844,-21.747780185561815,-11513.908532616591,107
CRESS_Set_2_14B_r1_11_1_31964.d,31964,False,False,828.0,91.5788803100586,3.0761830806732178,76.30799865722656,91.31199645996094,92.56199645996094,93.18699645996094,96.31300354003906,829.0,2500.0,0.0,2500.0,2500.0,2500.0,2500.0,2500.0,0.01,-4.452189255555325e-06,3.3869281629878134e-05,106,0,2328,514,4.529182879377432,306,355,0.8619718309859155,0.08647012707687807,1593,1344,55.35093815149409,46.699096594857544,399.2391375831755,0.21362305947153234,-0.12131454945368558,15.7164709538713,0.539407101399788,1.2063326051233696,372.89353136570367,0.2714541815586364,-0.11423364211158532,442198972.18168414,400602.13608591823,185478.78900778014,2873,322.0,0.03577102776676978,0.7300702940082305,0.0596819249514416,215005950.77443844,-21.747780185561815,-11513.908532616591,114
CRESS_Set_2_13B_r1_10_1_31941.d,31941,False,False,830.0,91.4984359741211,1.719028353691101,80.05899810791016,90.68599700927734,91.93699645996094,92.56199645996094,96.93800354003906,831.0,2500.0,0.0,2500.0,2500.0,2500.0,2500.0,2500.0,0.01,-5.958721224062345e-07,3.590419555732782e-05,233,0,2929,678,4.320058997050148,480,505,0.9504950495049505,0.08360186226414325,1971,1645,54.0,45.06849315068493,401.20116897715155,0.12070361365448477,-0.408527097946247,16.15450019723356,0.5465502976483734,1.1655853622552528,373.45212160634264,0.2940197914479908,-0.056575043282326896,447151272.9910115,421878.7122852514,195329.84378807142,3643,356.0,0.03191900611187248,0.3428305315015384,0.058934240724539844,215005950.77443844,-21.747780185561815,-11513.908532616591,143
CRESS_Set_2_15C_r2_36_1_32025.d,32025,False,False,830.0,92.71028137207031,2.031937599182129,78.18299865722656,91.93699645996094,93.18699645996094,93.81199645996094,98.18800354003906,831.0,2500.0,0.0,2500.0,2500.0,2500.0,2500.0,2500.0,0.01,3.0835036103450295e-06,3.321117564895118e-05,44,0,1423,472,3.014830508474576,118,244,0.48360655737704916,0.08362621179593192,1079,989,56.13943808532779,51.456815816857436,403.1037767343832,0.34576105367800813,0.02395680886387952,16.0219399231055,0.6103436188062045,1.060388903587331,391.1684975570445,0.3367953862383124,0.17049759224984104,439771817.0937425,400918.92435715365,185625.46197736214,1918,231.0,0.03703573930291486,0.7470180283513599,0.061450519876761166,215005950.77443844,-21.747780185561815,-11513.908532616591,86
CRESS_Set_2_11B_r1_8_1_31966.d,31966,False,False,831.0,91.78781127929688,2.398031234741211,78.18299865722656,91.31199645996094,91.93699645996094,93.18699645996094,98.18800354003906,832.0,2500.0,0.0,2500.0,2500.0,2500.0,2500.0,2500.0,0.01,-1.0220941657609105e-06,3.426750810723754e-05,411,0,5521,792,6.970959595959596,1148,850,1.3505882352941176,0.08682281621692828,3568,2064,56.10062893081761,32.45283018867924,386.0848587279489,0.22934759746761968,-0.3538760360952904,15.380597369800917,0.48797305930200846,1.2975521738924933,357.26682759216834,0.23928408883668262,-0.2649153777996577,460043246.745841,402304.2926617125,186266.8875023729,6341,436.0,0.053460676677934485,0.7707040594552967,0.1677286514786902,215005950.77443844,-21.747780185561815,-11513.908532616591,462
CRESS_Set_2_15C_r1_36_1_31968.d,31968,False,False,828.0,93.5404052734375,2.1261401176452637,79.43399810791016,93.18699645996094,93.81199645996094,94.43699645996094,98.18800354003906,829.0,2500.0,0.0,2500.0,2500.0,2500.0,2500.0,2500.0,0.01,4.601215330689398e-06,4.2020316184747676e-05,129,0,2081,579,3.5941278065630398,259,352,0.7357954545454546,0.08674680434231087,1506,1329,56.00595016734846,49.42357753811826,413.2001915080824,0.14381104325310037,-0.3172103997652309,16.215994892177676,0.6001139684875102,1.082522461613139,395.10724203098704,0.3252236103113383,0.1299092645266281,444645535.56652844,410978.9137056016,190283.23704569353,2682,292.0,0.03330734842113004,0.7466244380646497,0.05432033546774988,215005950.77443844,-21.747780185561815,-11513.908532616591,114
CRESS_Set_2_12B_r2_9_1_32010.d,32010,False,False,828.0,93.25724792480469,1.9110867977142334,79.43399810791016,92.56199645996094,93.18699645996094,94.43699645996094,97.56300354003906,829.0,2500.0,0.0,2500.0,2500.0,2500.0,2500.0,2500.0,0.01,1.5088253767882076e-06,3.199659391605955e-05,346,0,4899,611,8.018003273322423,953,658,1.4483282674772036,0.08591327152989163,3274,1989,59.03353768481788,35.863685539127296,390.1590736134764,0.10947149138035488,-0.48250243758344435,14.979131765087267,0.50356843483231,1.2503253457678876,362.2197958489992,0.2598688244726877,-0.18893068796055268,454804251.6255668,418715.8573915823,193865.4419723026,5536,387.0,0.031955001774473,0.7839048919306151,0.056177656225503955,215005950.77443844,-21.747780185561815,-11513.908532616591,335
CRESS_Set_2_15B_r2_12_1_32009.d,32009,False,False,832.0,91.58365631103516,2.3167452812194824,76.93299865722656,91.31199645996094,91.93699645996094,92.56199645996094,100.06400299072266,833.0,2500.0,0.0,2500.0,2500.0,2500.0,2500.0,2500.0,0.01,-4.621516307394806e-06,3.777881455990997e-05,123,0,2305,493,4.675456389452332,286,334,0.8562874251497006,0.08191182274247101,1586,1397,56.26108549130897,49.556580347641,399.0830196070974,0.1901516160550999,-0.18314115617269477,16.059759533865073,0.5418925033071011,1.182360004385191,372.97284363776345,0.2843059646422327,-0.08691164429956014,443150973.0719876,413522.4603017304,191460.89911970118,2813,329.0,0.03391179900999921,0.7573873735735059,0.06056097203581738,215005950.77443844,-21.747780185561815,-11513.908532616591,114
CRESS_Set_2_14C_r1_35_1_31959.d,31959,False,False,829.0,90.97608947753906,2.153860092163086,78.80899810791016,90.68599700927734,91.31199645996094,91.93699645996094,98.18800354003906,830.0,2500.0,0.0,2500.0,2500.0,2500.0,2500.0,2500.0,0.01,-5.285467414281803e-07,3.925462291483539e-05,203,0,2615,691,3.784370477568741,387,441,0.8775510204081632,0.08428844952359371,1833,1576,54.7982062780269,47.11509715994021,421.0415479262293,0.1157890861941711,-0.35916891535907425,16.199930136834904,0.59203372010542,1.1012541421334383,397.9207232834076,0.3147074580552428,0.09628889651383311,449177991.1827366,428272.6519456609,198290.237850841,3332,324.0,0.03546632859180754,0.7099689877036939,0.06228383994077338,215005950.77443844,-21.747780185561815,-11513.908532616591,132
CRESS_Set_2_13B_r2_10_1_32034.d,32034,False,False,831.0,92.93729400634766,1.5488834381103516,82.55899810791016,92.56199645996094,93.18699645996094,93.81199645996094,100.06400299072266,832.0,2500.0,0.0,2500.0,2500.0,2500.0,2500.0,2500.0,0.01,2.4956791724668235e-06,3.4634993728513675e-05,380,0,3871,632,6.125,732,547,1.3382084095063986,0.0837698728396212,2606,2050,57.43883623539784,45.184042318712805,411.0814626651751,0.12238782569998878,-0.46357319521021,15.981950530533856,0.5494715612733159,1.1546788415162836,380.8344116979811,0.298496620342579,-0.03705155990298944,452420348.6199828,417836.3685976891,193458.23866073004,4527,414.0,0.0307905174561977,0.8175622185985978,0.055991393575751155,215005950.77443844,-21.747780185561815,-11513.908532616591,201
CRESS_Set_2_15B_r1_12_1_31973.d,31973,False,False,827.0,91.48698425292969,3.553403377532959,76.93299865722656,91.31199645996094,92.56199645996094,93.18699645996094,96.93800354003906,828.0,2500.0,0.0,2500.0,2500.0,2500.0,2500.0,2500.0,0.01,3.3108465336616e-06,3.7403453270457125e-05,222,0,3011,568,5.301056338028169,458,431,1.062645011600928,0.08656148606301478,2033,1719,56.331393737877534,47.63092269326683,405.11941938957506,0.15209172432333085,-0.3201351953532101,16.0783741088258,0.540299225147211,1.1886947233186507,377.58786453018547,0.28034305948128685,-0.09347005319070409,446713877.42298925,401110.8001088007,185714.30045037472,3602,370.0,0.03571470161954132,0.7612952542006858,0.05636233072348491,215005950.77443844,-21.747780185561815,-11513.908532616591,183
CRESS_Set_2_12B_r1_9_1_31975.d,31975,False,False,830.0,94.00813293457031,3.3911328315734863,75.68299865722656,93.81199645996094,95.06300354003906,95.68800354003906,100.68900299072266,831.0,2500.0,0.0,2500.0,2500.0,2500.0,2500.0,2500.0,0.01,-1.299556065152289e-06,3.321624689575928e-05,532,0,6510,764,8.520942408376964,1419,896,1.5837053571428572,0.08654422683212355,4308,2437,58.884636413340615,33.310552214324765,401.1916973925087,0.11898110876216426,-0.5448947512718649,16.13066712193021,0.5004769462007915,1.256841054463396,369.0185768100968,0.2558798940900377,-0.1964993266520732,465470496.2022534,412904.39358697255,191174.7342307683,7292,442.0,0.031017443943367255,0.8082710873147231,0.055075166101998425,215005950.77443844,-21.747780185561815,-11513.908532616591,541
CRESS_Set_2_11B_r2_8_1_32014.d,32014,False,False,828.0,91.49435424804688,2.5931336879730225,77.55799865722656,91.31199645996094,91.93699645996094,92.56199645996094,97.56300354003906,829.0,2500.0,0.0,2500.0,2500.0,2500.0,2500.0,2500.0,0.01,-6.437647653967713e-07,3.4441826710707e-05,553,0,6774,925,7.323243243243243,1518,1079,1.4068582020389249,0.08642723110059604,4326,2420,55.804953560371516,31.217750257997935,396.09800765882494,0.17456663099552308,-0.4676661211144726,16.618381846575083,0.4888560164951303,1.2940516934079165,363.53097920918293,0.24044247604443456,-0.2553247342074994,469601216.8357499,405594.22190775885,187790.12474329237,7721,484.0,0.05512064755092147,0.801608159031482,0.2201569665703141,215005950.77443844,-21.747780185561815,-11513.908532616591,601
CRESS_Set_2_16C_r2_37_1_32001.d,32001,False,False,827.0,92.90887451171875,1.6943883895874023,81.93399810791016,92.24949645996094,93.18699645996094,93.81199645996094,96.93800354003906,828.0,2500.0,0.0,2500.0,2500.0,2500.0,2500.0,2500.0,0.01,1.9765270735661035e-07,1.3024054368032553e-05,5,0,865,462,1.8722943722943723,38,230,0.16521739130434782,0.09138958223478731,664,596,49.14877868245744,44.11547002220577,395.08043401365944,0.25558494151467065,-0.1014721431383876,12.415385262668025,0.5816744640788236,1.1740863754057775,386.69403128779925,0.27660143074651766,0.011740384694631723,436031834.0630872,415592.4855791007,192419.32082312365,1351,107.0,0.043493944443351654,0.7274913130827045,0.06094329432974224,215005950.77443844,-21.747780185561815,-11513.908532616591,40
CRESS_Set_2_16C_r1_37_1_31986.d,31986,False,False,828.0,93.7721939086914,2.530123472213745,76.93299865722656,93.18699645996094,94.43699645996094,95.06300354003906,98.81300354003906,829.0,2500.0,0.0,2500.0,2500.0,2500.0,2500.0,2500.0,0.01,6.837405948090236e-06,1.8602178378519216e-05,4,0,706,446,1.5829596412556053,27,211,0.12796208530805686,0.09960748846914537,549,495,46.44670050761421,41.878172588832484,387.2027216657737,0.6403127000635107,0.9261282779516522,11.701527829598772,0.5883600107310549,1.155101179504571,387.092780970861,0.28702478819456706,0.04365486028199996,434221380.08819073,395117.7751142617,182939.52987790317,1179,82.0,0.0446541586925419,0.7381370414794439,0.07169962740420163,215005950.77443844,-21.747780185561815,-11513.908532616591,43
CRESS_Set_2_17C_r2_38_1_32015.d,32015,False,False,829.0,92.14419555664062,1.9827978610992432,78.80899810791016,91.93699645996094,92.56199645996094,93.18699645996094,98.18800354003906,830.0,2500.0,0.0,2500.0,2500.0,2500.0,2500.0,2500.0,0.01,-5.40684694290879e-06,3.82161499747571e-05,6,0,1121,463,2.4211663066954645,61,238,0.25630252100840334,0.09157743036873864,849,760,52.53712871287129,47.02970297029702,405.01024192809354,0.24244313695668274,-0.12212853000153423,13.265491864949956,0.5805994871586962,1.164327843391893,395.7795494504412,0.2835532326288655,0.016224550935866135,437391245.5156628,397780.3215734976,184172.2888885294,1611,148.0,0.046264244962396534,0.7413960666179498,0.06818945136290519,215005950.77443844,-21.747780185561815,-11513.908532616591,49
CRESS_Set_2_16B_r1_13_1_31949.d,31949,False,False,831.0,91.04231262207031,3.0635228157043457,78.18299865722656,90.68599700927734,91.93699645996094,92.56199645996094,97.56300354003906,832.0,2500.0,0.0,2500.0,2500.0,2500.0,2500.0,2500.0,0.01,7.081698543963748e-07,3.8557089186071116e-05,534,0,6474,852,7.598591549295775,1477,1087,1.358785648574057,0.09362742888988386,3913,2485,52.935606060606055,33.61742424242424,434.0367360783969,0.012927822344972547,-0.34976021737889873,16.139664305797233,0.500447151379699,1.3928962604557555,398.97105553479076,0.17180374940275533,-0.3516213041984655,468289997.710559,403955.50613509945,187031.39934055106,7360,431.0,0.036305634421856525,0.5876638292663262,0.0661226075017803,215005950.77443844,-21.747780185561815,-11513.908532616591,495
CRESS_Set_2_17C_r1_38_1_31960.d,31960,False,False,829.0,92.61995697021484,2.2108309268951416,80.68399810791016,91.93699645996094,93.18699645996094,93.81199645996094,98.81300354003906,830.0,2500.0,0.0,2500.0,2500.0,2500.0,2500.0,2500.0,0.01,-2.0458473190703647e-05,3.59841564960137e-05,9,0,1409,543,2.5948434622467773,91,304,0.2993421052631579,0.08868727216228219,1026,897,51.60965794768612,45.12072434607646,406.6171925357196,0.10970966598736769,-0.4012597790344987,14.256819198088548,0.5778808158422217,1.1825452407602175,394.02186107420295,0.27445007295210083,-0.005588049389528772,439687461.3820193,406159.92358861264,188052.04462152766,1986,188.0,0.04683919331880861,0.6964617634075634,0.07814549468860298,215005950.77443844,-21.747780185561815,-11513.908532616591,71
CRESS_Set_2_18C_r2_39_1_31992.d,31992,False,False,829.0,91.34783172607422,1.6120694875717163,78.18299865722656,90.68599700927734,91.31199645996094,91.93699645996094,97.56300354003906,830.0,2500.0,0.0,2500.0,2500.0,2500.0,2500.0,2500.0,0.01,3.6807206669209336e-06,3.293039124055779e-05,4,0,771,501,1.5389221556886228,40,259,0.15444015444015444,0.09015964534195559,590,530,45.349730976172175,40.73789392774788,395.0440742771357,0.274339613274981,-0.017283578149160927,12.480846073693947,0.5868821987429884,1.1582344396714583,389.7745231193929,0.28782942425061236,0.04058119097485576,436922900.50263476,424748.29921362846,196658.46253591,1301,97.0,0.04972989666765103,0.7508956991070261,0.07338456532160299,215005950.77443844,-21.747780185561815,-11513.908532616591,34
CRESS_Set_2_18C_r1_39_1_31952.d,31952,False,False,835.0,90.99942016601562,2.4288599491119385,79.43399810791016,90.68599700927734,91.31199645996094,92.56199645996094,95.68800354003906,836.0,2500.0,0.0,2500.0,2500.0,2500.0,2500.0,2500.0,0.01,-5.876803064503682e-07,1.3341894364910463e-05,7,0,1180,597,1.9765494137353434,72,328,0.21951219512195122,0.08778677946781825,866,760,47.50411409764125,41.68952276467361,402.14284709343764,0.2888766722768094,-0.08784513776058533,13.294081123884663,0.575869942838219,1.1808730153068956,396.2118495782101,0.2756925286196074,-0.00423301140048518,439493389.6324744,429823.4633978954,199008.26355322558,1819,153.0,0.04105120415432826,0.6024465376873491,0.06622114046159608,215005950.77443844,-21.747780185561815,-11513.908532616591,62
CRESS_Set_2_16B_r2_13_1_31996.d,31996,False,False,828.0,91.88623046875,2.0173139572143555,80.05899810791016,91.31199645996094,91.93699645996094,93.18699645996094,96.93800354003906,829.0,2500.0,0.0,2500.0,2500.0,2500.0,2500.0,2500.0,0.01,1.1013647819147604e-06,3.6953256186385274e-05,660,0,7451,890,8.37191011235955,1792,1263,1.4188440221694378,0.09144975872491691,4486,2767,53.290567830838675,32.87004038964125,441.1280161626469,0.02915623325368261,-0.36813351849014664,16.35298466702237,0.4998413727510701,1.3879352238322642,402.9538742391477,0.1739294483769689,-0.34555106199593316,477967776.0719993,414408.2706014273,191871.02928846085,8376,511.0,0.05125578347518895,0.807174631035179,0.11274282418258494,215005950.77443844,-21.747780185561815,-11513.908532616591,609
CRESS_Set_2_17B_r2_14_1_32019.d,32019,False,False,827.0,89.36801147460938,1.9426047801971436,76.93299865722656,88.81099700927734,89.43599700927734,90.06099700927734,94.43699645996094,828.0,2500.0,0.0,2500.0,2500.0,2500.0,2500.0,2500.0,0.01,2.7862480535231888e-06,3.5246751462228057e-05,409,0,5334,653,8.16845329249617,1119,795,1.4075471698113207,0.08655759160039889,3286,2222,54.557529470363605,36.89191432840777,426.19953621204377,-0.06498696142457404,-0.49369687163157217,16.01605331642598,0.5050260545328369,1.3817857828018059,394.0220117014243,0.17529686003114756,-0.33431823257397797,460560295.09471846,414081.2991266191,191719.64149562467,6011,407.0,0.03296427711342206,0.7788244385991431,0.054305444658632046,215005950.77443844,-21.747780185561815,-11513.908532616591,339
CRESS_Set_2_19B_r1_16_1_31970.d,31970,False,False,829.0,90.64349365234375,3.302823066711426,74.43199920654297,90.06099700927734,91.31199645996094,92.56199645996094,96.31300354003906,830.0,2500.0,0.0,2500.0,2500.0,2500.0,2500.0,2500.0,0.01,3.315182802144948e-07,2.5702491555555627e-05,158,0,2956,709,4.169252468265162,528,683,0.7730600292825769,0.08525607773124345,1654,1160,44.51022604951561,31.216361679224974,401.2365647304998,0.10157782360470323,-0.23814788463337155,14.848416481576574,0.4686338837728027,1.5272782453195124,361.82671848915163,0.10929523858663229,-0.5548285269097387,448389270.3092671,430221.7895720583,199192.688571863,3708,191.0,0.04472408221391649,0.7589233182870155,0.07239328495456064,215005950.77443844,-21.747780185561815,-11513.908532616591,126
CRESS_Set_2_19C_r2_40_1_32011.d,32011,False,False,831.0,91.00393676757812,2.441757917404175,77.55799865722656,90.68599700927734,91.31199645996094,91.93699645996094,98.18800354003906,832.0,2500.0,0.0,2500.0,2500.0,2500.0,2500.0,2500.0,0.01,-2.178293362931072e-06,2.9618572155568278e-05,10,0,1107,420,2.6357142857142857,78,209,0.37320574162679426,0.08947282583142878,890,794,57.30843528654218,51.12685125563425,403.07792725726324,0.11057577391104824,-0.14871765804798764,13.990000774719068,0.590494130233339,1.1031614887470136,394.86862237845617,0.31467506210912083,0.0922321903068359,437191895.7345697,412868.78037012904,191158.24531136974,1550,177.0,0.043409731154861936,0.7265646335267231,0.06793606557694318,215005950.77443844,-21.747780185561815,-11513.908532616591,59
CRESS_Set_2_19C_r1_40_1_31943.d,31943,False,False,830.0,89.73654174804688,2.1163687705993652,77.55799865722656,89.43599700927734,90.06099700927734,90.68599700927734,98.18800354003906,831.0,2500.0,0.0,2500.0,2500.0,2500.0,2500.0,2500.0,0.01,-2.6913325636238974e-06,5.475014077340848e-05,72,0,1846,571,3.23292469352014,201,313,0.6421725239616614,0.0876281542836355,1427,1149,57.98455912230801,46.68833807395368,419.0621646336641,0.08783428466186995,0.019012893662833985,14.647069825817152,0.5814814582945963,1.1136804111847265,401.59993385997205,0.3098966445265718,0.0701894646119159,441509120.7362007,396895.518395329,183762.62501703735,2451,255.0,0.036799983564608424,0.3952907582517984,0.06368030720980498,215005950.77443844,-21.747780185561815,-11513.908532616591,117
CRESS_Set_2_18B_r2_15_1_32017.d,32017,False,False,827.0,89.4738540649414,2.1107943058013916,76.30799865722656,88.81099700927734,90.06099700927734,90.68599700927734,95.06300354003906,828.0,2500.0,0.0,2500.0,2500.0,2500.0,2500.0,2500.0,0.01,-1.3509836280231216e-06,3.656562436725878e-05,350,0,4879,676,7.2174556213017755,1019,780,1.3064102564102564,0.09219114892835252,3051,2073,54.36564504632929,36.93870277975766,428.1282750771452,-0.03551353081844894,-0.39816563494328827,15.894673398017774,0.502184853077988,1.3828890547024586,395.94917717798387,0.1775195717837011,-0.34660955007578714,457476843.8218256,406459.7060084027,188190.84388189044,5594,397.0,0.035654616704229085,0.7768019768677342,0.05413112488530104,215005950.77443844,-21.747780185561815,-11513.908532616591,351
CRESS_Set_2_17B_r1_14_1_31945.d,31945,False,False,829.0,87.44691467285156,2.190455198287964,76.30799865722656,86.93599700927734,87.56099700927734,88.81099700927734,91.31199645996094,830.0,2500.0,0.0,2500.0,2500.0,2500.0,2500.0,2500.0,0.01,3.877892356212861e-06,3.972380186241152e-05,657,0,7048,813,8.669126691266912,1695,1135,1.4933920704845816,0.09049930921571747,4315,2741,54.53051939845823,34.63920131429293,438.0761195100584,-0.04402014553997136,-0.5184843109438857,16.57093627229458,0.5029766752844692,1.3835532504110477,401.2019300923222,0.17500188538466188,-0.3364083050861454,475289171.7541243,416715.44065644685,192939.2490239349,7884,461.0,0.03194061059543392,0.502331594415728,0.054453763274221516,215005950.77443844,-21.747780185561815,-11513.908532616591,557
CRESS_Set_2_18B_r1_15_1_31969.d,31969,False,False,829.0,89.52505493164062,2.846234083175659,76.30799865722656,89.43599700927734,90.06099700927734,91.31199645996094,95.68800354003906,830.0,2500.0,0.0,2500.0,2500.0,2500.0,2500.0,2500.0,0.01,1.090240193464766e-06,3.650139810179877e-05,496,0,6109,819,7.459096459096459,1388,1003,1.3838484546360916,0.09270215712843416,3773,2436,53.853839566086215,34.77019697402227,434.20349357156135,0.0381973905156506,-0.28221491032663604,15.892735787171452,0.5031575394910086,1.3814141421903543,399.6384626584854,0.17806698579906538,-0.33905307767043086,464327257.8793858,390957.9201424291,181013.5170259447,6974,440.0,0.034172178646952135,0.774532135042713,0.05800147000541432,215005950.77443844,-21.747780185561815,-11513.908532616591,473
CRESS_Set_2_19B_r2_16_1_31994.d,31994,False,False,830.0,89.5189208984375,2.5142593383789062,74.43199920654297,88.81099700927734,90.06099700927734,90.68599700927734,95.68800354003906,831.0,2500.0,0.0,2500.0,2500.0,2500.0,2500.0,2500.0,0.01,3.64849351471482e-06,3.538611564030375e-05,192,0,3512,830,4.231325301204819,657,816,0.8051470588235294,0.09521648796744436,1961,1311,44.50748978665457,29.754879709487064,409.1870788579268,0.10688994536117866,-0.21935533536813878,15.481304988356099,0.4694699929231543,1.5178254660192052,366.04193709677304,0.11520409034014424,-0.5438256938037348,450264889.4692413,400383.7019996561,185377.65402584078,4391,217.0,0.0465088136754157,0.7773774614306039,0.0737629389264657,215005950.77443844,-21.747780185561815,-11513.908532616591,205
CRESS_Set_2_20C_r2_41_1_31999.d,31999,False,False,831.0,92.99522399902344,2.0088844299316406,80.05899810791016,92.56199645996094,93.18699645996094,93.81199645996094,97.56300354003906,832.0,2500.0,0.0,2500.0,2500.0,2500.0,2500.0,2500.0,0.01,-2.366861656355468e-06,4.897236539274798e-05,50,0,1570,487,3.2238193018480494,138,239,0.5774058577405857,0.08752397222026365,1247,1050,60.12536162005786,50.6268081002893,413.21843125478017,-0.04766516330406301,-0.22431060479917742,15.048050030266364,0.5858667185912778,1.1136096567175546,395.6039031708584,0.3080002892420625,0.07448379675971582,438867067.01611674,407777.6965735567,188801.07351355677,2071,234.0,0.0362966669390192,0.746075507817789,0.06083234745830217,215005950.77443844,-21.747780185561815,-11513.908532616591,73
CRESS_Set_2_20B_r1_17_1_31948.d,31948,False,False,831.0,89.83487701416016,3.3141462802886963,77.55799865722656,89.43599700927734,90.68599700927734,91.93699645996094,95.06300354003906,832.0,2500.0,0.0,2500.0,2500.0,2500.0,2500.0,2500.0,0.01,2.6213282135939424e-09,3.316472551289322e-05,141,0,2972,768,3.8697916666666665,532,719,0.7399165507649513,0.09221975012970601,1701,1166,44.7278464370234,30.660005259006045,403.12476931017943,0.2733302861805245,0.1911678618860604,14.680109259492198,0.46547332141817294,1.5125176547810486,364.0843113815641,0.12070474727913003,-0.5448268862257515,447591711.3789744,403459.78279928776,186801.87943607024,3790,203.0,0.04604527815006782,0.5376224661134694,0.07042721834768385,215005950.77443844,-21.747780185561815,-11513.908532616591,182
CRESS_Set_2_20B_r2_17_1_31993.d,31993,False,False,825.0,91.17826080322266,3.506108045578003,75.05799865722656,90.68599700927734,91.93699645996094,93.18699645996094,95.68800354003906,826.0,2500.0,0.0,2500.0,2500.0,2500.0,2500.0,2500.0,0.01,6.0711676538333515e-06,3.209817065551722e-05,130,0,2661,709,3.753173483779972,449,649,0.6918335901386748,0.08810179285850289,1495,1069,43.64963503649635,31.21167883211679,397.07787949542205,0.186959367002576,-0.02826876651715926,15.167015008038282,0.46713240318871463,1.515695224340095,358.93854337080455,0.11812975422587757,-0.54606493124875,446671726.3055391,417156.25094570534,193143.34418786157,3416,203.0,0.05929847604433576,0.7670970559589427,0.16098874066151167,215005950.77443844,-21.747780185561815,-11513.908532616591,149
CRESS_Set_2_21C_r1_42_1_31947.d,31947,False,False,831.0,87.53289794921875,2.2774386405944824,75.68299865722656,86.93599700927734,88.18599700927734,88.81099700927734,91.93699645996094,832.0,2500.0,0.0,2500.0,2500.0,2500.0,2500.0,2500.0,0.01,-9.162882907939554e-07,4.6170204587432255e-05,61,0,1707,571,2.989492119089317,175,295,0.5932203389830508,0.08308154227106923,1327,1089,57.19827586206897,46.939655172413794,417.0676859538271,-0.08932802008527349,-0.3679747068202155,15.292504725979892,0.5824364457135933,1.1308486680354803,395.25668604370355,0.30022758986757625,0.05199944955874422,442187833.3509762,425122.221755377,196831.58867273957,2313,256.0,0.03734097811874816,0.5074055294396607,0.062495570004876246,215005950.77443844,-21.747780185561815,-11513.908532616591,111
CRESS_Set_2_20C_r1_41_1_31972.d,31972,False,False,830.0,93.39417266845703,1.9214881658554077,81.30899810791016,92.56199645996094,93.81199645996094,94.43699645996094,100.06400299072266,831.0,2500.0,0.0,2500.0,2500.0,2500.0,2500.0,2500.0,0.01,5.894888241776775e-06,4.794901226376392e-05,106,0,2120,568,3.732394366197183,246,308,0.7987012987012987,0.08803275918633244,1644,1300,60.48565121412803,47.829286239882265,423.68978712650016,-0.12629387721708432,-0.2882519978332003,14.968253887698285,0.5820114493613453,1.117771143501628,402.0848970389611,0.305526983651756,0.06729081043300393,443101841.02282614,414254.99010186887,191800.06041716528,2706,278.0,0.03656411236797303,0.7526078576312808,0.060140072286858644,215005950.77443844,-21.747780185561815,-11513.908532616591,113
CRESS_Set_2_21C_r2_42_1_32008.d,32008,False,False,829.0,88.66090393066406,1.9753201007843018,75.68299865722656,88.18599700927734,88.81099700927734,89.43599700927734,95.68800354003906,830.0,2500.0,0.0,2500.0,2500.0,2500.0,2500.0,2500.0,0.01,4.3851055190421346e-07,4.896490812287443e-05,52,0,1584,550,2.88,136,295,0.4610169491525424,0.08393536053188216,1267,1055,58.19935691318327,48.461185117133674,415.1612947269042,0.0614648617294126,0.042549554656612365,14.540524565384668,0.5812080755994703,1.1310075330518963,396.49846688644607,0.2996466397399745,0.04737150424777364,440288439.6065115,412884.6499486352,191165.59292621812,2170,234.0,0.03627652272643778,0.7558225913182975,0.06149651921733133,215005950.77443844,-21.747780185561815,-11513.908532616591,72
CRESS_Set_2_PBC1_r1_43_1_31988.d,31988,False,False,827.0,95.199462890625,2.349982261657715,81.93399810791016,94.43699645996094,95.68800354003906,96.31300354003906,100.68900299072266,828.0,2500.0,0.0,2500.0,2500.0,2500.0,2500.0,2500.0,0.01,1.0482963255261286e-05,3.487157164693257e-05,30,0,1491,712,2.0941011235955056,244,546,0.4468864468864469,0.09523439791793542,684,409,30.292294065544727,18.113374667847655,384.19742734849257,0.6040133072843384,0.48044638836295395,13.776214942534374,0.4389857849577872,1.5764350994020515,361.00406599381597,0.0931993835022542,-0.6496013690992879,439869249.05844265,408338.9402869067,189060.92935283782,2248,49.0,0.041072578925698496,0.7614104782600613,0.47653457254158477,215005950.77443844,-21.747780185561815,-11513.908532616591,102
CRESS_Set_2_21B_r1_18_1_31974.d,31974,False,False,829.0,91.97603607177734,1.864707589149475,81.30899810791016,91.31199645996094,91.93699645996094,93.18699645996094,99.43900299072266,830.0,2500.0,0.0,2500.0,2500.0,2500.0,2500.0,2500.0,0.01,-4.964321484458702e-06,3.129725085781782e-05,162,0,3115,714,4.362745098039215,564,712,0.7921348314606742,0.09445861371857625,1802,1216,46.40741694566057,31.31599278908061,409.14949122300385,0.16867108817029416,0.012333403174594526,15.166775497200543,0.47704109590973964,1.5048372494184115,369.1086126262488,0.11870219931976643,-0.5128854141151629,448585079.2375493,408796.25016328495,189272.66382560093,3862,221.0,0.051170827660311856,0.7599273308053385,0.12207108793213063,215005950.77443844,-21.747780185561815,-11513.908532616591,196
QC_Blank_25_01_A_r1_53_1_31983.d,31983,True,False,831.0,30.995210647583008,1.3599176406860352,29.42099952697754,30.672000885009766,30.672000885009766,31.297000885009766,44.42499923706055,832.0,2500.0,0.0,2500.0,2500.0,2500.0,2500.0,2500.0,0.01,,,0,0,17,15,1.1333333333333333,0,0,,0.13505791874918804,7,0,20.0,0.0,661.0635196751858,-0.9531173632359148,0.2732425147527646,8.259499215892903,0.2725575417015414,0.6543215075494027,661.4722385137087,0.630283170467812,-0.07130796795570157,429417032.87298024,405791.8115155054,187881.608731679,33,,,,,215005950.77443844,-21.747780185561815,-11513.908532616591,0
CRESS_Set_2_PBC1_r2_43_1_32013.d,32013,False,False,830.0,94.2777099609375,1.5353761911392212,81.93399810791016,93.81199645996094,94.43699645996094,95.06300354003906,98.81300354003906,830.0,2500.0,0.0,2500.0,2500.0,2500.0,2500.0,2500.0,0.01,1.1783361685502315e-06,2.8398127919356333e-05,55,0,1935,806,2.400744416873449,359,670,0.5358208955223881,0.10189481468533258,904,504,32.27418779007497,17.993573723670117,397.16888698912055,0.4013796862221955,0.11437423174695516,14.19108508955379,0.44228258511093216,1.5778147138194027,369.4950782041177,0.09359141362342215,-0.6412314029036432,443637752.667373,413038.1860306953,191236.6801322119,2788,62.0,0.05152316935121771,0.7628638241662409,0.4696952393474045,215005950.77443844,-21.747780185561815,-11513.908532616591,121
CRESS_Set_2_21B_r2_18_1_32012.d,32012,False,False,828.0,90.49315643310547,2.3205833435058594,76.93299865722656,90.06099700927734,90.68599700927734,91.93699645996094,95.06300354003906,829.0,2500.0,0.0,2500.0,2500.0,2500.0,2500.0,2500.0,0.01,2.674843374961711e-06,3.252444761037247e-05,125,0,2592,642,4.037383177570093,427,603,0.7081260364842454,0.09165034346022614,1485,1036,45.1505016722408,31.49893584676193,405.0466617068606,0.26277949143225354,0.24016352436124677,14.979092026829024,0.4784782395896723,1.5045319751294808,365.65771806291,0.11825355412545341,-0.5109484114771089,444496692.759232,394963.7730716374,182868.22693216812,3274,183.0,0.062291836387931086,0.735077435029575,0.1297983700476512,215005950.77443844,-21.747780185561815,-11513.908532616591,132
QC_Blank_25_01_A_r1_53_1_31961.d,31961,True,False,829.0,39.96756362915039,0.7091782093048096,38.17300033569336,39.42399978637695,40.04899978637695,40.67399978637695,41.92399978637695,829.0,2500.0,0.0,2500.0,2500.0,2500.0,2500.0,2500.0,0.01,3.1723543634721493e-06,3.432943010099544e-05,118,0,1483,207,7.164251207729468,288,314,0.9171974522292994,0.09451824383915416,785,376,45.93329432416618,22.00117027501463,343.19584280935305,0.8450766914762775,-0.029136766938472114,18.24076831250661,0.2963413392854808,1.5511206349443918,322.58236389974536,0.1529547205894068,-0.9338056012265872,452540746.0801342,417412.60211360245,193262.03477859794,1677,94.0,0.027913537954891977,0.7161820481861567,0.04283364154119094,215005950.77443844,-21.747780185561815,-11513.908532616591,98
CRESS_Set_2_PBB1_r2_19_1_32036.d,32036,False,False,830.0,91.35909271240234,1.9883841276168823,78.18299865722656,90.68599700927734,91.31199645996094,92.56199645996094,95.68800354003906,831.0,2500.0,0.0,2500.0,2500.0,2500.0,2500.0,2500.0,0.01,-1.2999341010724032e-07,3.436297238969994e-05,194,0,3166,546,5.798534798534798,675,736,0.9171195652173914,0.09462821467967396,1636,892,43.62666666666667,23.78666666666667,418.1944491555256,0.039466512284987446,-0.7066516700990939,15.935212763575734,0.4555026162545271,1.5622331122658102,385.52998288497594,0.08751329601373413,-0.6006242424731899,448139098.4235534,410023.1175127794,189840.70340841688,3719,98.0,0.05544308076515211,0.8625446498983605,0.2037172831465369,215005950.77443844,-21.747780185561815,-11513.908532616591,186
CRESS_Set_2_PBC2_r1_44_1_31951.d,31951,False,False,828.0,93.18101501464844,2.2501096725463867,80.68399810791016,92.56199645996094,93.81199645996094,94.43699645996094,98.18800354003906,829.0,2500.0,0.0,2500.0,2500.0,2500.0,2500.0,2500.0,0.01,4.597722081418971e-07,2.58850677096176e-05,38,0,1553,825,1.8824242424242423,253,600,0.4216666666666667,0.09721737716921228,750,455,30.475416497358797,18.488419341731007,381.13752894741845,0.7067177352271623,0.6304784024965775,14.456002376721873,0.4443904174891833,1.5569787981508891,364.2150850096882,0.09806144901932691,-0.6151804893638574,442058914.47285205,413080.3333564246,191256.19434402458,2456,58.0,0.048936245357605705,0.5993118997685751,0.33430169182046965,215005950.77443844,-21.747780185561815,-11513.908532616591,83
CRESS_Set_2_PBB2_r1_20_1_31979.d,31979,False,False,829.0,96.06029510498047,1.730050802230835,83.80999755859375,95.68800354003906,96.31300354003906,96.93800354003906,101.31400299072266,830.0,2500.0,0.0,2500.0,2500.0,2500.0,2500.0,2500.0,0.01,2.8652001186023695e-06,3.441657687838732e-05,171,0,2864,703,4.073968705547653,596,713,0.8359046283309958,0.1001202051830684,1488,861,41.24168514412417,23.863636363636363,422.18529030001423,0.03935711420167212,-0.5055259929963367,15.510886361562008,0.46989565434895086,1.5786604166894926,384.6560256685037,0.0739298882836908,-0.5983436606529708,447705396.79239964,424555.15618865594,196569.0373153477,3586,81.0,0.033332349614061396,0.7669770913747875,0.04700557122444956,215005950.77443844,-21.747780185561815,-11513.908532616591,156
CRESS_Set_2_PBC2_r2_44_1_31995.d,31995,False,False,829.0,93.1124038696289,1.1587516069412231,90.68599700927734,92.56199645996094,93.18699645996094,93.81199645996094,100.06400299072266,830.0,2500.0,0.0,2500.0,2500.0,2500.0,2500.0,2500.0,0.01,4.624434518688365e-06,2.5077982160911493e-05,67,0,1995,983,2.0295015259409968,361,758,0.4762532981530343,0.09520734253218822,954,552,31.064799739498532,17.974601107131228,394.1540026268848,0.5716788637087789,0.4142986792664711,14.924623150016433,0.44751847441176473,1.5528988534677521,368.30414232312376,0.09942559212689588,-0.6062567729453605,445034990.1716282,401471.4391765789,185881.27633875603,3060,73.0,0.046294293432089365,0.7632023058404425,0.15586118175710176,215005950.77443844,-21.747780185561815,-11513.908532616591,158
QC_Blank_25_01_B_r1_53_1_31940.d,31940,True,False,834.0,40.31578826904297,0.7260227203369141,38.17300033569336,40.04899978637695,40.67399978637695,40.67399978637695,41.92399978637695,835.0,2500.0,0.0,2500.0,2500.0,2500.0,2500.0,2500.0,0.01,1.1335477294023553e-06,3.9122824768333324e-05,109,0,1087,92,11.815217391304348,207,151,1.3708609271523178,0.10040865670745476,659,327,55.00834724540902,27.295492487479134,328.21304124802583,0.8805410291463518,-0.0022640135078795254,19.213132697698935,0.27373409577230845,1.5862447417975158,315.96237180995985,0.14346876234836314,-1.0192478949882438,439360952.66158086,398057.46443655767,184300.60603412622,1173,93.0,0.03260359811521248,0.3053954567658817,0.0615871944417993,215005950.77443844,-21.747780185561815,-11513.908532616591,65
QC_Blank_25_01_B_r2_53_1_32006.d,32006,True,False,828.0,39.552947998046875,0.8524815440177917,36.92300033569336,38.79899978637695,39.42399978637695,40.04899978637695,41.92399978637695,829.0,2500.0,0.0,2500.0,2500.0,2500.0,2500.0,2500.0,0.01,1.0783948256845279e-06,2.740298022738647e-05,72,0,910,99,9.191919191919192,157,184,0.8532608695652174,0.10442297664952614,513,274,50.39292730844793,26.91552062868369,334.02364390924015,0.8559227511618672,-0.1895100013712927,19.096728937378,0.2921770657524252,1.5560338500641275,321.0905011283694,0.1505985790942573,-0.9531376173532207,438315981.38675183,420982.8434358008,194915.0565107758,995,71.0,0.02635966102263856,0.7573536187345867,0.04753525691282906,215005950.77443844,-21.747780185561815,-11513.908532616591,57
CRESS_Set_2_PBB1_r1_19_1_31958.d,31958,False,False,832.0,92.42668914794922,2.083538770675659,80.68399810791016,91.93699645996094,92.56199645996094,93.18699645996094,98.18800354003906,833.0,2500.0,0.0,2500.0,2500.0,2500.0,2500.0,2500.0,0.01,-9.265122620807075e-09,3.492555834440122e-05,391,0,5108,796,6.417085427135678,1245,1176,1.058673469387755,0.1001732601586755,2635,1307,44.166946027489104,21.907475695608447,435.1510777346361,0.10158955695782558,-0.5948088084204577,16.99806302078827,0.4538981752870764,1.5682874412178276,394.8014786097057,0.08597814561455545,-0.6056041637803955,464365561.92218477,403820.88110759255,186969.06795281536,5914,151.0,0.06567068939331466,0.708169079901679,0.4565497821701926,215005950.77443844,-21.747780185561815,-11513.908532616591,400
CRESS_Set_2_PBB2_r2_20_1_32023.d,32023,False,False,829.0,94.46833801269531,1.9756697416305542,81.93399810791016,93.81199645996094,94.43699645996094,95.06300354003906,108.81600189208984,829.0,2500.0,0.0,2500.0,2500.0,2500.0,2500.0,2500.0,0.01,-2.488999449067761e-06,3.7004458818729436e-05,392,0,5267,1095,4.810045662100457,1278,1323,0.9659863945578231,0.09622930535217397,2610,1359,40.53424444789563,21.105761764249106,437.1808009466778,0.036535335629562286,-0.5415556771402446,16.737587599619175,0.4727067646535251,1.5743960315313312,395.9960863097524,0.07780001547154165,-0.5776615635517514,467484982.27566034,407090.87745818484,188483.07626313958,6399,154.0,0.05279275247693559,0.7831245192523304,0.2021828877293441,215005950.77443844,-21.747780185561815,-11513.908532616591,383
QC_Blank_25_01_A_r1_53_1_31937.d,31937,True,False,830.0,40.962406158447266,0.46773678064346313,40.04899978637695,40.67399978637695,40.67399978637695,41.29899978637695,42.54999923706055,831.0,2500.0,0.0,2500.0,2500.0,2500.0,2500.0,2500.0,0.01,-1.1690537339328632e-06,4.653319754359372e-05,496,0,4987,594,8.395622895622896,1221,952,1.2825630252100841,0.10787853058227848,2584,962,44.97041420118343,16.7420814479638,400.7649984973598,0.5418348228604416,-0.3376783646170982,17.791867713361952,0.2609169274480236,1.585045444471902,328.6561591117334,0.15298136700386658,-1.0411111148335477,507385839.1617481,395033.7807210687,182900.64047385482,5612,218.0,0.046192202419398004,0.21904156648709586,0.10513916846705748,215005950.77443844,-21.747780185561815,-11513.908532616591,404
QC_SPE_Blank_20260106_1_CRESS_r1_25_1_31953.d,31953,True,False,829.0,90.31546020507812,3.2217278480529785,78.80899810791016,90.06099700927734,91.31199645996094,92.56199645996094,98.18800354003906,829.0,2500.0,0.0,2500.0,2500.0,2500.0,2500.0,2500.0,0.01,-4.525457301594672e-07,1.5903199053213165e-05,14,0,840,780,1.0769230769230769,91,502,0.18127490039840638,0.1008359956714406,424,262,24.80983031012288,15.330602691632533,384.18682212177737,0.7619706687264242,0.4220244981127945,13.852393923333493,0.39108242686954947,1.5597760978127038,377.53643175693463,0.11494444393351616,-0.7343526512729545,438635357.73465693,422338.6773608231,195542.8076180611,1698,23.0,0.03376442938455692,0.6303360657401019,0.057329660517451815,215005950.77443844,-21.747780185561815,-11513.908532616591,74
QC_SPE_Blank_20260106_1_CRESS_r2_25_1_32033.d,32033,True,False,831.0,87.90970611572266,3.652479648590088,73.18199920654297,84.43499755859375,89.43599700927734,90.68599700927734,93.81199645996094,831.0,2500.0,0.0,2500.0,2500.0,2500.0,2500.0,2500.0,0.01,-1.2855514891422596e-05,3.0986971338593805e-05,9,0,454,615,0.7382113821138211,48,372,0.12903225806451613,0.10311172659664865,262,158,22.703639514731368,13.69150779896014,359.18960096537785,0.989912814088071,0.4625152134900028,12.201112896701417,0.3828638923788375,1.5418641166569933,389.6423728106729,0.12434119581592751,-0.7385050433162592,434863890.1530767,416053.82209028106,192632.91962780015,1150,12.0,0.01943299047281289,0.8029570606045169,0.03054209313751071,215005950.77443844,-21.747780185561815,-11513.908532616591,38
QC_Blank_25_01_B_r1_53_1_32050.d,32050,True,False,830.0,41.54168701171875,0.9163600206375122,38.79899978637695,41.29899978637695,41.92399978637695,41.92399978637695,43.17499923706055,831.0,2500.0,0.0,2500.0,2500.0,2500.0,2500.0,2500.0,0.01,6.494619069854289e-06,7.570408052609955e-05,352,0,2357,285,8.27017543859649,717,447,1.604026845637584,0.11457734846185218,1590,474,56.82630450321658,16.940671908506076,498.0564739287456,-0.061711894166649635,-1.5731524641429824,19.453940640677022,0.3531432624948038,1.5550518053262783,602.2282026371786,0.18368432805128293,-0.7446022691676942,607554240.6900232,420159.2844694301,194533.74870934614,2594,131.0,0.04983400944901908,1.0316286138358892,0.4792155565351481,215005950.77443844,-21.747780185561815,-11513.908532616591,158
QC_SPE_Blank_20260106_2_CRESS_r1_26_1_31967.d,31967,True,False,830.0,89.4224853515625,1.8994535207748413,78.80899810791016,88.81099700927734,89.43599700927734,90.06099700927734,96.93800354003906,831.0,2500.0,0.0,2500.0,2500.0,2500.0,2500.0,2500.0,0.01,-1.3333522699755262e-05,3.0111877121820098e-05,13,0,602,715,0.8419580419580419,69,434,0.15898617511520738,0.09738315196505061,314,190,22.39657631954351,13.55206847360913,373.16888310742587,0.9504633220846345,0.7045285513271797,12.721894653600213,0.39621280511523144,1.5424997737842645,381.5409902246082,0.12211418029841876,-0.6945882623880807,437306742.3339825,421448.5606157327,195130.68356508424,1398,14.0,0.018959704771091122,0.7397469136508841,0.04034074941189602,215005950.77443844,-21.747780185561815,-11513.908532616591,48
QC_SPE_Blank_20260106_2_CRESS_r2_26_1_32021.d,32021,True,False,829.0,88.56058502197266,2.2705342769622803,75.05799865722656,88.18599700927734,88.81099700927734,89.43599700927734,93.18699645996094,830.0,2500.0,0.0,2500.0,2500.0,2500.0,2500.0,2500.0,0.01,1.1869104423567477e-05,2.9669707436027673e-05,10,0,607,705,0.8609929078014185,78,431,0.18097447795823665,0.09996505531969911,309,187,22.214234363767073,13.443565780014378,371.134953422712,0.8358527567091047,0.30940041547644315,12.736185571969086,0.39913022012653643,1.53642756297427,383.958035834572,0.1255011443706191,-0.6817255803105665,436624486.0529491,401656.8889452192,185967.1395816365,1381,13.0,0.030003531739952165,0.7579950113430565,0.0616612415210599,215005950.77443844,-21.747780185561815,-11513.908532616591,53
QC_Blank_25_01_A_r2_53_1_32063.d,32063,True,False,827.0,42.11649703979492,0.9738845229148865,38.79899978637695,41.92399978637695,42.54999923706055,42.54999923706055,44.42499923706055,827.0,2500.0,0.0,2500.0,2500.0,2500.0,2500.0,2500.0,0.01,1.203712843151694e-05,8.025269807311238e-05,463,0,3672,503,7.300198807157058,1179,822,1.4343065693430657,0.11538373668118891,2311,668,52.17882140438023,15.082411379543913,473.2396812425976,0.014594115199340013,-1.4839741054085744,20.267316894225484,0.30515405471068113,1.4128616470002748,629.7569314534469,0.25251794025928626,-0.6855749845652975,925626248.4800116,415655.64233272773,192448.56240005294,4118,161.0,0.06197418511556634,0.9554199684157955,0.22700844653048055,215005950.77443844,-21.747780185561815,-11513.908532616591,341
QC_SPE_Blank_20260106_3_CRESS_r1_27_1_31981.d,31981,True,False,831.0,91.796142578125,2.2572522163391113,76.93299865722656,91.31199645996094,91.93699645996094,92.56199645996094,97.56300354003906,832.0,2500.0,0.0,2500.0,2500.0,2500.0,2500.0,2500.0,0.01,8.394274030365522e-06,2.9214496772146722e-05,10,0,554,769,0.7204161248374512,68,443,0.15349887133182843,0.10431643444866728,311,184,22.16678545972915,13.114754098360656,371.2078122055701,0.9580169202897488,0.43579556294680355,12.473120608233598,0.38366753294940625,1.5427873889421038,392.8602094046726,0.1284547493840948,-0.7263005392683602,436472905.84444624,405517.88064860035,187754.77874030196,1396,12.0,0.026698493531658603,0.7637516386238538,0.05253399506675638,215005950.77443844,-21.747780185561815,-11513.908532616591,49
QC_SPE_Blank_20260106_4_CRESS_r2_28_1_32004.d,32004,True,False,828.0,89.79997253417969,1.5671908855438232,78.80899810791016,88.81099700927734,90.06099700927734,90.68599700927734,95.68800354003906,829.0,2500.0,0.0,2500.0,2500.0,2500.0,2500.0,2500.0,0.01,1.135243679470932e-05,3.587040122372804e-05,10,0,574,730,0.7863013698630137,61,447,0.13646532438478748,0.10516558476157276,309,182,22.262247838616712,13.112391930835734,373.15065112864363,0.9227342910302512,0.33423060016956674,13.278215281282439,0.3927361765545791,1.5261547114662164,401.36329871800524,0.13213599544885332,-0.686040895228295,437521708.2100956,398086.2350885967,184313.92684602027,1383,19.0,0.032492261329551644,0.7449891531855247,0.046319483022436485,215005950.77443844,-21.747780185561815,-11513.908532616591,63
QC_Blank_25_01_B_r2_53_1_32028.d,32028,True,False,830.0,41.53185272216797,0.9543549418449402,38.17300033569336,41.29899978637695,41.92399978637695,41.92399978637695,43.17499923706055,831.0,2500.0,0.0,2500.0,2500.0,2500.0,2500.0,2500.0,0.01,3.270835571997498e-06,7.519858286545579e-05,336,0,2272,276,8.231884057971014,748,482,1.5518672199170125,0.11700728518710975,1549,462,57.45548961424333,17.136498516320476,498.27128988199047,-0.09056210893700721,-1.5726854613150492,20.596950691579416,0.339596363498122,1.5135629431410034,611.2126348327473,0.20660720518031997,-0.7329519453967356,604628504.9262271,408547.1281647475,189157.3203402781,2468,124.0,0.047007239034899534,0.8106540622146385,0.2155197877468105,215005950.77443844,-21.747780185561815,-11513.908532616591,179
QC_SPE_Blank_20260106_3_CRESS_r2_27_1_32022.d,32022,True,False,835.0,90.68344116210938,1.271203637123108,79.43399810791016,90.06099700927734,90.68599700927734,91.31199645996094,94.43699645996094,836.0,2500.0,0.0,2500.0,2500.0,2500.0,2500.0,2500.0,0.01,-1.8175149362524974e-05,3.804195119558122e-05,17,0,856,927,0.9234088457389428,108,576,0.1875,0.102336546446221,442,266,23.61111111111111,14.209401709401709,395.6614491554336,0.7099195681509954,0.30825179939369773,14.654795431698997,0.395729438139078,1.530990100111924,388.1427367263693,0.12962547807652033,-0.6896878889650729,439931598.42490953,415305.7155073646,192286.54627990982,1864,26.0,0.049980102243866176,0.7470374634494725,0.266633162651929,215005950.77443844,-21.747780185561815,-11513.908532616591,80
QC_SPE_Blank_20260106_4_CRESS_r1_28_1_31956.d,31956,True,False,830.0,90.00244140625,1.775497317314148,80.05899810791016,89.43599700927734,90.06099700927734,90.68599700927734,95.06300354003906,830.0,2500.0,0.0,2500.0,2500.0,2500.0,2500.0,2500.0,0.01,1.1857392559539386e-05,2.4549352521758775e-05,11,0,777,824,0.9429611650485437,78,525,0.14857142857142858,0.10010764999363334,400,237,23.57100766057749,13.965822038892162,387.131870982313,0.8055429692701714,0.2032342921952961,14.09077362191872,0.39692714979930427,1.5324586040599952,398.2638884710861,0.12787815555771626,-0.6896432537683296,439545321.53395814,415664.66641347477,192452.74054943884,1690,18.0,0.021420578822234745,0.664607253379131,0.045845608637921455,215005950.77443844,-21.747780185561815,-11513.908532616591,66
QC_SPE_Blank_20260107_2_CRESS_r1_10_1_32048.d,32048,True,False,833.0,89.91413879394531,2.1785776615142822,76.93299865722656,89.43599700927734,90.06099700927734,91.31199645996094,96.93800354003906,834.0,2500.0,0.0,2500.0,2500.0,2500.0,2500.0,2500.0,0.01,-1.2031520138104193e-05,2.4849344494729166e-05,3,0,141,542,0.26014760147601473,15,310,0.04838709677419355,0.1262636528321908,82,16,10.817941952506596,2.1108179419525066,500.59031705345103,-0.04929579268443399,-1.1991427740217149,12.66953797567943,0.3471717368739108,1.4264513187055012,510.88740536921364,0.19602020291153213,-0.6696124394372105,433186523.08279395,415869.3537450666,192547.51078396584,751,4.0,0.016301831544935724,0.9893460715110007,0.020902476203669473,215005950.77443844,-21.747780185561815,-11513.908532616591,33
QC_SPE_Blank_20260107_1_CRESS_r1_9_1_32038.d,32038,True,False,828.0,89.27598571777344,1.748483419418335,76.93299865722656,88.81099700927734,89.43599700927734,90.06099700927734,93.81199645996094,829.0,2500.0,0.0,2500.0,2500.0,2500.0,2500.0,2500.0,0.01,-1.6261842574749608e-06,2.445967426157474e-05,8,0,278,744,0.3736559139784946,46,471,0.09766454352441614,0.11521226059388459,141,32,12.600536193029491,2.8596961572832886,486.0057577080091,0.1727619048541185,-1.0908025591944168,14.50041816174897,0.3572382584439134,1.445229517028482,474.6527671240855,0.1873989221140326,-0.6447227584387032,437015755.85362184,420280.1266152219,194589.69862284776,1112,7.0,0.02099049695568699,0.9160132516000588,0.032794557244580545,215005950.77443844,-21.747780185561815,-11513.908532616591,50
QC_SPE_Blank_20260107_2_CRESS_r2_10_1_32062.d,32062,True,False,832.0,90.448974609375,2.3539581298828125,80.05899810791016,89.43599700927734,90.68599700927734,91.93699645996094,101.31400299072266,832.0,2500.0,0.0,2500.0,2500.0,2500.0,2500.0,2500.0,0.01,-1.4535384612675747e-05,3.108194808758457e-06,3,0,163,607,0.2685337726523888,18,355,0.05070422535211268,0.13018082068818146,82,12,9.761904761904763,1.4285714285714286,491.58216707985343,0.23377442467227105,-1.1063838084944462,13.808798707193727,0.3630630278474318,1.4387582423755323,493.8467069870374,0.1862709259588732,-0.6424700708272164,433865823.5880415,414157.3238960433,191754.84096386805,835,5.0,0.030219058446052646,0.825257279219849,0.06294533892941404,215005950.77443844,-21.747780185561815,-11513.908532616591,27
QC_SPE_Blank_20260107_4_CRESS_r2_12_1_32059.d,32059,True,False,827.0,90.70613098144531,1.90247642993927,78.18299865722656,90.06099700927734,91.31199645996094,91.93699645996094,95.06300354003906,827.0,2500.0,0.0,2500.0,2500.0,2500.0,2500.0,2500.0,0.01,-3.961855782108614e-06,4.584565739496417e-05,5,0,197,557,0.35368043087971274,26,327,0.07951070336391437,0.1301575826473424,91,18,11.27633209417596,2.2304832713754648,475.1613211305493,0.33466800515274897,-0.7877077087854336,14.182684467243014,0.3767655123116192,1.3933765018174475,463.95432448788284,0.2043643655293938,-0.5518730438692072,433648001.4193132,408896.9921620041,189319.30737100792,803,4.0,0.010314897019422387,0.8121822460286038,0.04276182476799008,215005950.77443844,-21.747780185561815,-11513.908532616591,29
QC_SPE_Blank_20260107_4_CRESS_r1_12_1_32044.d,32044,True,False,830.0,90.35417938232422,1.6376659870147705,78.18299865722656,90.06099700927734,90.68599700927734,91.31199645996094,95.68800354003906,831.0,2500.0,0.0,2500.0,2500.0,2500.0,2500.0,2500.0,0.01,2.696066854923629e-05,1.8128677852704912e-05,4,0,230,584,0.3938356164383562,31,336,0.09226190476190477,0.12600299602842613,113,24,12.929061784897025,2.745995423340961,486.0056955157478,0.18090172993295975,-0.7753600205760955,13.01537483672137,0.3870325740198754,1.400875700503332,454.6790775155848,0.20870980714264772,-0.5393539723051051,433812026.2455164,407442.36607221287,188645.81549143457,867,6.0,0.04303875962119389,1.0074243896840034,0.06528727088725009,215005950.77443844,-21.747780185561815,-11513.908532616591,34
QC_SPE_Blank_20260107_1_CRESS_r2_9_1_32052.d,32052,True,False,827.0,87.076904296875,2.1676034927368164,75.68299865722656,85.68499755859375,87.56099700927734,88.81099700927734,93.18699645996094,828.0,2500.0,0.0,2500.0,2500.0,2500.0,2500.0,2500.0,0.01,7.1368422347652745e-06,3.719617558017246e-05,11,0,365,862,0.4234338747099768,62,542,0.11439114391143912,0.1145546216935601,197,44,14.800901577761083,3.3057851239669422,497.14016350853746,0.04982863204042876,-0.9558915644132764,14.49305138194812,0.3768501287616467,1.430661451502033,474.885139453187,0.19342978152911658,-0.5930981291080126,439021725.6067141,411261.35610523017,190414.0078767216,1318,10.0,0.030517799416665298,0.933768439738525,0.03604523459323476,215005950.77443844,-21.747780185561815,-11513.908532616591,78
QC_SPE_Blank_20260107_3_CRESS_r1_11_1_32041.d,32041,True,False,830.0,87.70687103271484,2.154278516769409,74.43199920654297,86.93599700927734,88.18599700927734,88.81099700927734,93.81199645996094,831.0,2500.0,0.0,2500.0,2500.0,2500.0,2500.0,2500.0,0.01,1.0607398583114705e-05,1.6179163571226007e-05,14,0,498,824,0.6043689320388349,83,548,0.15145985401459855,0.1112487655864637,217,57,15.444839857651246,4.056939501779359,458.20361640227213,0.27726470354176935,-0.8740625353837923,15.050581279842874,0.37959858171043576,1.4302768390977278,436.7049700654145,0.19835995143649437,-0.5884801552853909,439126069.134827,417260.77962374047,193191.74096579183,1394,11.0,0.016120624398706377,1.0098260323763941,0.030879823943922153,215005950.77443844,-21.747780185561815,-11513.908532616591,73
QC_SPE_Blank_20260107_3_CRESS_r2_11_1_32053.d,32053,True,False,828.0,85.93360900878906,2.0501692295074463,75.68299865722656,85.05999755859375,85.68499755859375,86.93599700927734,91.31199645996094,829.0,2500.0,0.0,2500.0,2500.0,2500.0,2500.0,2500.0,0.01,6.768373935983618e-06,3.121434909528688e-05,18,0,593,918,0.6459694989106753,94,614,0.15309446254071662,0.10315909802175827,261,86,16.261682242990656,5.358255451713396,425.3064829999776,0.38407856880860397,-0.7645484745831039,15.318349364175663,0.38742154021779646,1.4269700055881853,427.2554807164419,0.19539112959073884,-0.5777484602280751,440026909.9427935,415309.0297687819,192288.08078294602,1594,12.0,0.023462132907374204,0.9279252671768309,0.04670715270158557,215005950.77443844,-21.747780185561815,-11513.908532616591,79
QC_SRFAII_25_01_B_r2_54_1_32027.d,32027,True,True,829.0,42.544464111328125,0.9641193747520447,38.79899978637695,41.92399978637695,42.54999923706055,43.17499923706055,45.04999923706055,830.0,2500.0,0.0,2500.0,2500.0,2500.0,2500.0,2500.0,0.01,-1.6599234535580152e-06,5.391444627055362e-05,3273,0,14957,888,16.84346846846847,4405,3228,1.364622057001239,0.09518688536914376,11874,7088,72.19992703392923,43.09862580566703,484.17644013953804,0.13687416663020435,-0.7788333132179783,24.87912025920854,0.5249971297106334,1.1247824676963334,463.4507891669476,0.327885223987961,-0.0426584628947699,695535180.6869477,409834.4132829081,189753.33334998647,15474,842.0,0.053012566590099494,1.0802562779771276,0.12504479902439622,215005950.77443844,-21.747780185561815,-11513.908532616591,2120
QC_SRFAII_25_01_B_r1_54_1_32049.d,32049,True,True,831.0,42.50457763671875,0.9991580843925476,39.42399978637695,41.92399978637695,42.54999923706055,43.17499923706055,45.67499923706055,832.0,2500.0,0.0,2500.0,2500.0,2500.0,2500.0,2500.0,0.01,-1.393719506058525e-06,5.80078665359667e-05,3385,0,15498,928,16.700431034482758,4668,3525,1.3242553191489361,0.0993187790701471,12209,7192,71.27262113251605,41.98482194979568,483.170093885164,0.14428599884650983,-0.7473087105102336,25.007284594133914,0.5246816390124339,1.0931010134011454,454.90026975231086,0.33947661050728845,-0.01242931514385776,717855229.7765661,413659.50953108154,191524.35291289075,16126,658.0,0.041916845484861326,1.3345530821783258,0.09853550053420283,215005950.77443844,-21.747780185561815,-11513.908532616591,2172
QC_SRFAII_25_01_B_r2_54_1_32005.d,32005,True,True,831.0,40.80714416503906,0.9998111724853516,37.54800033569336,40.36149978637695,40.67399978637695,41.29899978637695,43.79999923706055,832.0,2500.0,0.0,2500.0,2500.0,2500.0,2500.0,2500.0,0.01,-3.7607540771440054e-07,6.784750596069656e-05,4587,0,20084,1268,15.839116719242902,7012,6079,1.153479190656358,0.11026687339928677,15671,8778,68.08741744873132,38.13868613138686,498.0169401651518,0.05319405952401262,-0.7147591046550668,28.82465180246013,0.5468927665366599,1.0410679467363928,439.3493315950913,0.3550731337542339,0.07376793432716429,855821742.4747164,425879.7621306922,197182.3298665105,21375,682.0,0.05319303903162038,1.281721661505748,0.14712389289071498,215005950.77443844,-21.747780185561815,-11513.908532616591,3334
QC_SRFAII_25_01_A_r2_54_1_32064.d,32064,True,True,831.0,42.70848083496094,0.8668530583381653,39.42399978637695,42.54999923706055,42.54999923706055,43.17499923706055,44.42499923706055,832.0,2500.0,0.0,2500.0,2500.0,2500.0,2500.0,2500.0,0.01,1.1962268791292103e-06,7.377607448783422e-05,4748,0,22548,1495,15.08227424749164,8140,7384,1.1023835319609967,0.11620758503935494,16909,8812,63.95476379590757,33.32955104202126,490.0867552166624,0.11131970374425518,-0.6795079453223787,28.39952641984889,0.5197283040382573,1.1069359419997413,448.36045424807855,0.33089886537038216,-0.0413028567362284,922573333.8871331,415822.9532218782,192526.0273417296,24508,640.0,0.07056011006781379,1.4375879511977507,0.1928504279415526,215005950.77443844,-21.747780185561815,-11513.908532616591,3704
QC_SRFAII_25_01_A_r1_54_1_31938.d,31938,True,True,831.0,42.120826721191406,0.8961895704269409,39.42399978637695,41.92399978637695,42.54999923706055,42.54999923706055,43.79999923706055,832.0,2500.0,0.0,2500.0,2500.0,2500.0,2500.0,2500.0,0.01,-3.2382506113986333e-06,7.67270995670636e-05,4270,0,24114,1862,12.950590762620838,9483,9759,0.9717184137719028,0.12478041467409023,15915,7903,53.01642293214298,26.32665978213798,498.0401449311619,0.1285801627685235,-0.5362676844160439,28.242010152624474,0.5055796776668305,1.0905415222086907,438.86936955039596,0.3382211559136143,-0.057978949164691165,944769367.4003187,425640.4420118143,197071.52465147,27899,723.0,0.09191457066969354,1.083594666698545,0.24647585050108015,215005950.77443844,-21.747780185561815,-11513.908532616591,4100
QC_SRFAII_25_01_A_r1_54_1_31984.d,31984,True,True,828.0,41.56795883178711,1.0405274629592896,38.17300033569336,41.29899978637695,41.92399978637695,41.92399978637695,44.42499923706055,829.0,2500.0,0.0,2500.0,2500.0,2500.0,2500.0,2500.0,0.01,1.7541574550076682e-07,7.93206207363912e-05,4905,0,23919,1785,13.4,9300,9044,1.0283060592658115,0.12115357111136499,17366,8862,59.34862103140699,30.286046273196405,506.03367819979104,0.05140710229722114,-0.6969463925935551,30.783621777074764,0.5344098753279864,1.0478012746322698,447.17992024344085,0.3542546455308218,0.04390152479198383,1001105122.9433404,424822.1281305488,196692.6453244441,27042,593.0,0.08002252584405338,1.4583093332806663,0.2170521475519726,215005950.77443844,-21.747780185561815,-11513.908532616591,4359
QC_SRFAII_25_01_B_r1_54_1_31939.d,31939,True,True,830.0,42.119606018066406,1.0360223054885864,38.17300033569336,41.92399978637695,42.54999923706055,42.54999923706055,44.42499923706055,830.0,2500.0,0.0,2500.0,2500.0,2500.0,2500.0,2500.0,0.01,6.932279334114485e-07,7.787075562679181e-05,4571,0,25119,1943,12.927946474523932,10234,10297,0.9938817131203264,0.1251031639162101,16900,8323,53.75831027133632,26.475172567356935,503.0554789167976,0.10592315625812937,-0.6019096989713266,29.416655103569383,0.5129252955808938,1.076946705965398,442.87235047893773,0.3431978538063398,-0.029023654814474747,1014711470.7314878,422308.770434503,195528.96071117488,29134,704.0,0.09265064628483242,1.1410743112477346,0.2472938865196557,215005950.77443844,-21.747780185561815,-11513.908532616591,4491
QC_SRFAII_25_01_A_r1_54_1_31962.d,31962,True,True,830.0,41.629024505615234,0.8063242435455322,39.42399978637695,41.29899978637695,41.92399978637695,41.92399978637695,44.42499923706055,831.0,2500.0,0.0,2500.0,2500.0,2500.0,2500.0,2500.0,0.01,1.4740423125792343e-06,8.138366162784198e-05,4679,0,23751,1711,13.88135593220339,9224,9002,1.0246611864030215,0.1229034020317003,16792,8544,57.64306065703203,29.329580172325016,506.0722387279303,0.0827987331274384,-0.6661396299954792,29.880261100047804,0.5298972079824772,1.0529262299505306,447.00647027778365,0.35130448822490556,0.029319184321989322,976905339.706764,419873.6805938926,194401.51411497226,26966,592.0,0.08612942393981131,1.4512097152766739,0.224868451953015,215005950.77443844,-21.747780185561815,-11513.908532616591,4279
