datafile,sample_name,sample_rep,measure_rep,solution,hystarid,is_qc,is_srfa,count_shield,mean_shield,std_shield,min_shield,25%_shield,50%_shield,75%_shield,max_shield,count_capillary,isotope_delta_error_mean,isotope_delta_error_std,n_iso_used,n_missing_parents,organic_count,inorganic_count,organic_ratio,c13_count,cl37_count,c13_ratio,qc_assign_rms,qc_total_assign,qc_total_CHO,qc_pc_assign,qc_pc_CHO,qc_mass_median,qc_mass_skew,qc_mass_kurt,qc_SN_median,qc_wa_OC,qc_wa_HC,qc_wa_mz,qc_wa_AIMod,qc_wa_NOSC,tic,baseline_noise,baseline_noise_std,peaks,cal_points,cal_rms,raw_error_median,raw_error_stdev,original_masscalcoef_A,original_masscalcoef_B,original_masscalcoef_C,resolving_power_peaks_removed
QC_SRFAII_25_01_A_r1_54_1_31938.d,SRFA,A,r1,H2O,31938,TRUE,TRUE,831,42.12082672,0.89618957,39.42399979,41.92399979,42.54999924,42.54999924,43.79999924,832,-3.24E-06,7.67E-05,4270,0,24114,1862,12.95059076,9483,9759,0.971718414,0.124780415,15915,7903,53.01642293,26.32665978,498.0401449,0.128580163,-0.536267684,28.24201015,0.505579678,1.090541522,438.8693696,0.338221156,-0.057978949,944769367.4,425640.442,197071.5247,27899,723,0.091914571,1.083594667,0.246475851,215005950.8,-21.74778019,-11513.90853,4100
QC_SRFAII_25_01_A_r1_54_1_31962.d,SRFA,A,r1,H2O,31962,TRUE,TRUE,830,41.62902451,0.806324244,39.42399979,41.29899979,41.92399979,41.92399979,44.42499924,831,1.47E-06,8.14E-05,4679,0,23751,1711,13.88135593,9224,9002,1.024661186,0.122903402,16792,8544,57.64306066,29.32958017,506.0722387,0.082798733,-0.66613963,29.8802611,0.529897208,1.05292623,447.0064703,0.351304488,0.029319184,976905339.7,419873.6806,194401.5141,26966,592,0.086129424,1.451209715,0.224868452,215005950.8,-21.74778019,-11513.90853,4279
QC_SRFAII_25_01_A_r1_54_1_31984.d,SRFA,A,r1,H2O,31984,TRUE,TRUE,828,41.56795883,1.040527463,38.17300034,41.29899979,41.92399979,41.92399979,44.42499924,829,1.75E-07,7.93E-05,4905,0,23919,1785,13.4,9300,9044,1.028306059,0.121153571,17366,8862,59.34862103,30.28604627,506.0336782,0.051407102,-0.696946393,30.78362178,0.534409875,1.047801275,447.1799202,0.354254646,0.043901525,1001105123,424822.1281,196692.6453,27042,593,0.080022526,1.458309333,0.217052148,215005950.8,-21.74778019,-11513.90853,4359
QC_SRFAII_25_01_A_r2_54_1_32064.d,SRFA,A,r2,H2O,32064,TRUE,TRUE,831,42.70848083,0.866853058,39.42399979,42.54999924,42.54999924,43.17499924,44.42499924,832,1.20E-06,7.38E-05,4748,0,22548,1495,15.08227425,8140,7384,1.102383532,0.116207585,16909,8812,63.9547638,33.32955104,490.0867552,0.111319704,-0.679507945,28.39952642,0.519728304,1.106935942,448.3604542,0.330898865,-0.041302857,922573333.9,415822.9532,192526.0273,24508,640,0.07056011,1.437587951,0.192850428,215005950.8,-21.74778019,-11513.90853,3704
QC_SRFAII_25_01_B_r1_54_1_31939.d,SRFA,B,r1,H2O,31939,TRUE,TRUE,830,42.11960602,1.036022305,38.17300034,41.92399979,42.54999924,42.54999924,44.42499924,830,6.93E-07,7.79E-05,4571,0,25119,1943,12.92794647,10234,10297,0.993881713,0.125103164,16900,8323,53.75831027,26.47517257,503.0554789,0.105923156,-0.601909699,29.4166551,0.512925296,1.076946706,442.8723505,0.343197854,-0.029023655,1014711471,422308.7704,195528.9607,29134,704,0.092650646,1.141074311,0.247293887,215005950.8,-21.74778019,-11513.90853,4491
QC_SRFAII_25_01_B_r1_54_1_32049.d,SRFA,B,r1,H2O,32049,TRUE,TRUE,831,42.50457764,0.999158084,39.42399979,41.92399979,42.54999924,43.17499924,45.67499924,832,-1.39E-06,5.80E-05,3385,0,15498,928,16.70043103,4668,3525,1.324255319,0.099318779,12209,7192,71.27262113,41.98482195,483.1700939,0.144285999,-0.747308711,25.00728459,0.524681639,1.093101013,454.9002698,0.339476611,-0.012429315,717855229.8,413659.5095,191524.3529,16126,658,0.041916845,1.334553082,0.098535501,215005950.8,-21.74778019,-11513.90853,2172
QC_SRFAII_25_01_B_r2_54_1_32005.d,SRFA,B,r2,H2O,32005,TRUE,TRUE,831,40.80714417,0.999811172,37.54800034,40.36149979,40.67399979,41.29899979,43.79999924,832,-3.76E-07,6.78E-05,4587,0,20084,1268,15.83911672,7012,6079,1.153479191,0.110266873,15671,8778,68.08741745,38.13868613,498.0169402,0.05319406,-0.714759105,28.8246518,0.546892767,1.041067947,439.3493316,0.355073134,0.073767934,855821742.5,425879.7621,197182.3299,21375,682,0.053193039,1.281721662,0.147123893,215005950.8,-21.74778019,-11513.90853,3334
QC_SRFAII_25_01_B_r2_54_1_32027.d,SRFA,B,r2,H2O,32027,TRUE,TRUE,829,42.54446411,0.964119375,38.79899979,41.92399979,42.54999924,43.17499924,45.04999924,830,-1.66E-06,5.39E-05,3273,0,14957,888,16.84346847,4405,3228,1.364622057,0.095186885,11874,7088,72.19992703,43.09862581,484.1764401,0.136874167,-0.778833313,24.87912026,0.52499713,1.124782468,463.4507892,0.327885224,-0.042658463,695535180.7,409834.4133,189753.3333,15474,842,0.053012567,1.080256278,0.125044799,215005950.8,-21.74778019,-11513.90853,2120
CRESS_Set_1_001B_r1_1_1_32039.d,GCREW-A,1,r1,H2O,32039,FALSE,FALSE,827,96.71117401,2.453490734,83.80999756,95.68800354,96.93800354,98.18800354,101.314003,828,-3.09E-07,4.44E-05,467,0,4666,723,6.453665284,968,665,1.455639098,0.091936496,3066,2383,56.49530127,43.91007923,449.6292247,-0.045482918,-0.32387108,15.41174629,0.520015167,1.195657339,418.6150934,0.272471553,-0.135673195,457302774.3,408711.286,189233.3254,5405,494,0.035742253,0.991865232,0.061630978,215005950.8,-21.74778019,-11513.90853,274
CRESS_Set_1_001B_r2_1_1_32057.d,GCREW-A,1,r2,H2O,32057,FALSE,FALSE,831,96.28647614,2.73886323,82.55899811,95.06300354,96.93800354,98.18800354,101.314003,831,-2.07E-06,4.24E-05,177,0,2801,542,5.167896679,404,376,1.074468085,0.089083291,1912,1632,56.75274562,48.44167409,435.6276461,-0.063029016,-0.330611831,15.65484533,0.522577644,1.185707563,410.1868188,0.280740881,-0.126383651,445375524.4,404086.3485,187091.9794,3360,388,0.033042071,0.847088728,0.053695709,215005950.8,-21.74778019,-11513.90853,136
CRESS_Set_1_001C_r1_2_1_32046.d,GCREW-A,1,r1,0.5M HCl,32046,FALSE,FALSE,827,97.15563965,1.647274375,85.05999756,96.31300354,97.56300354,98.18800354,103.8150024,827,4.06E-05,7.36E-05,6,0,1373,449,3.057906459,67,235,0.285106383,0.084422144,1078,997,58.27027027,53.89189189,422.5329658,0.087008313,-0.370515499,14.84550505,0.583774646,1.081096607,410.5460799,0.331382875,0.099970294,439415979.4,414905.4963,192101.2448,1847,255,0.041000656,1.009873692,0.059901466,215005950.8,-21.74778019,-11513.90853,55
CRESS_Set_1_001C_r2_2_1_32061.d,GCREW-A,1,r2,0.5M HCl,32061,FALSE,FALSE,830,98.05792236,2.171108007,87.56099701,96.93800354,98.18800354,99.43900299,103.8150024,831,-2.26E-05,2.45E-05,2,0,1092,388,2.81443299,47,187,0.251336898,0.086217171,892,836,59.66555184,55.91973244,415.041581,0.036539999,-0.545917481,14.03905216,0.588251287,1.063703164,407.9679335,0.339518769,0.123439637,437456963,423773.1708,196206.9781,1494,219,0.048220472,0.814070834,0.07242186,215005950.8,-21.74778019,-11513.90853,42
CRESS_Set_1_002B_r1_3_1_32043.d,GCREW-A,2,r1,H2O,32043,FALSE,FALSE,830,89.95500946,2.104575157,78.18299866,89.43599701,90.06099701,91.31199646,96.93800354,831,3.53E-06,3.96E-05,194,0,2984,574,5.198606272,420,409,1.026894866,0.086730728,2033,1702,56.45653985,47.26464871,434.1671698,-0.044766283,-0.299685657,15.32802127,0.520716221,1.190757959,408.2172128,0.279393337,-0.132908119,447187563.8,416273.4273,192734.5968,3592,395,0.034723745,1.002369932,0.05746709,215005950.8,-21.74778019,-11513.90853,175
CRESS_Set_1_002B_r2_3_1_32055.d,GCREW-A,2,r2,H2O,32055,FALSE,FALSE,830,87.75350189,2.030207634,76.93299866,86.30999756,87.56099701,89.27974701,93.18699646,831,8.16E-07,3.67E-05,404,0,4498,736,6.111413043,869,651,1.334869432,0.08746725,2922,2238,55.2676376,42.33024399,443.0365732,-0.047970854,-0.325926445,15.53583082,0.51708157,1.19649524,413.8167728,0.274851206,-0.13955281,457992242.2,418392.6711,193715.8067,5260,468,0.032524246,0.91401545,0.055776501,215005950.8,-21.74778019,-11513.90853,259
CRESS_Set_1_002C_r1_4_1_32042.d,GCREW-A,2,r1,0.5M HCl,32042,FALSE,FALSE,827,96.58196259,1.786584854,83.18499756,95.68800354,96.93800354,97.56300354,103.1900024,827,-4.71E-07,4.77E-05,196,0,2857,626,4.563897764,385,424,0.908018868,0.088223438,2065,1774,58.88223553,50.5845452,442.1076798,-0.001055094,-0.408991588,15.86205421,0.570295796,1.095288327,421.4533645,0.322705786,0.061079101,448922714.2,417212.5958,193169.4319,3494,397,0.036841437,1.01993119,0.065129257,215005950.8,-21.74778019,-11513.90853,140
CRESS_Set_1_002C_r2_4_1_32058.d,GCREW-A,2,r2,0.5M HCl,32058,FALSE,FALSE,830,98.31629944,2.814519882,86.30999756,96.93800354,98.18800354,100.064003,109.4410019,831,-1.28E-05,4.70E-05,12,0,1320,387,3.410852713,68,208,0.326923077,0.088869257,1067,987,61.67630058,57.05202312,423.1664082,0.131215637,-0.346871126,14.34883285,0.585530289,1.054752711,413.7480321,0.344916692,0.125832936,438111455.9,406455.0454,188188.686,1724,254,0.043958248,0.826395458,0.067062596,215005950.8,-21.74778019,-11513.90853,77
CRESS_Set_1_003B_r1_5_1_32045.d,GCREW-A,3,r1,H2O,32045,FALSE,FALSE,827,91.13097382,2.097718239,78.18299866,90.68599701,91.31199646,92.56199646,96.31300354,828,1.84E-06,4.13E-05,422,0,4551,798,5.703007519,870,672,1.294642857,0.090415384,2993,2303,55.3746531,42.60869565,445.187246,-0.018614523,-0.305800881,15.48477798,0.516006145,1.200681518,415.5331906,0.272262551,-0.145612511,457489548.8,402954.0775,186567.7379,5387,491,0.034843208,1.035602652,0.05804124,215005950.8,-21.74778019,-11513.90853,352
CRESS_Set_1_003B_r2_5_1_32056.d,GCREW-A,3,r2,H2O,32056,FALSE,FALSE,830,90.72641754,1.671433091,85.05999756,90.06099701,91.31199646,91.93699646,97.56300354,831,-2.95E-07,4.07E-05,200,0,2913,600,4.855,425,410,1.036585366,0.087540558,1969,1657,55.3712036,46.59730034,433.0779975,0.003198591,-0.317970769,15.49069726,0.517494872,1.196048302,408.0160291,0.276395861,-0.142440529,447614563.6,431729.6079,199890.8085,3548,400,0.034187466,0.870923982,0.057937886,215005950.8,-21.74778019,-11513.90853,137
CRESS_Set_1_003C_r1_6_1_32047.d,GCREW-A,3,r1,0.5M HCl,32047,FALSE,FALSE,831,90.43964386,2.046774387,78.80899811,90.06099701,90.68599701,91.31199646,96.93800354,832,5.95E-06,4.68E-05,117,0,2054,440,4.668181818,219,244,0.897540984,0.086131174,1630,1476,64.94023904,58.80478088,441.1224829,0.038186016,-0.455321767,15.55194718,0.588752315,1.034967831,425.9622218,0.353340004,0.153874403,443920726.6,410741.8691,190173.4854,2501,350,0.040348639,1.019733808,0.061909485,215005950.8,-21.74778019,-11513.90853,111
CRESS_Set_1_003C_r2_6_1_32060.d,GCREW-A,3,r2,0.5M HCl,32060,FALSE,FALSE,827,91.20883942,1.835697532,80.68399811,90.68599701,91.31199646,92.56199646,95.68800354,827,2.71E-06,4.57E-05,311,0,3294,616,5.347402597,507,439,1.154897494,0.088438137,2421,2048,61.46230008,51.9928916,452.091926,-0.023557681,-0.432180799,15.94759467,0.581352376,1.057247029,430.9642513,0.339339234,0.120217355,452245169.6,411230.2855,190399.6222,3922,427,0.037112639,0.859292291,0.063072932,215005950.8,-21.74778019,-11513.90853,186
CRESS_Set_1_Blank_H2O_r1_8_1_32040.d,ProcessBlank,1,r1,H2O,32040,FALSE,FALSE,830,92.64401245,1.614399552,81.30899811,91.93699646,92.56199646,93.81199646,98.18800354,830,6.68E-06,2.89E-05,31,0,1534,793,1.93442623,234,608,0.384868421,0.104284795,703,390,29.29166667,16.25,385.2598931,0.569553469,0.309957624,13.93919426,0.423230173,1.581554898,374.0095664,0.100700551,-0.67649386,441133273.6,410942.5005,190266.3777,2393,53,0.051250996,1.008598176,0.478637786,215005950.8,-21.74778019,-11513.90853,121
CRESS_Set_1_Blank_H2O_r2_8_1_32051.d,ProcessBlank,1,r2,H2O,32051,FALSE,FALSE,832,85.04273987,1.32449162,77.55799866,84.43499756,85.05999756,85.68499756,90.68599701,833,-3.12E-06,5.28E-05,24,0,1279,757,1.689564069,186,585,0.317948718,0.100411189,583,339,27.48703442,15.98302687,373.1871365,0.732497765,0.321502244,14.57892586,0.421351134,1.582885802,375.8588229,0.099756844,-0.683102369,440197962.7,415286.2635,192277.54,2111,40,0.039971967,0.964451344,0.321785742,215005950.8,-21.74778019,-11513.90853,109
CRESS_Set_1_Blank_HCl_r1_7_1_32037.d,ProcessBlank,1,r1,0.5M HCl,32037,FALSE,FALSE,827,90.5745697,2.24542284,75.68299866,90.06099701,91.31199646,91.93699646,95.06300354,828,-1.03E-06,3.20E-05,375,0,5785,1232,4.695616883,1393,1722,0.808943089,0.114190575,2736,1207,38.47560118,16.97370271,410.1490069,0.346056055,-0.364442401,18.39745704,0.491038581,1.584984727,357.3822468,0.089959894,-0.566571221,479919593.1,421085.5223,194962.5968,6999,192,0.081376299,0.934006647,0.584644278,215005950.8,-21.74778019,-11513.90853,454
CRESS_Set_1_Blank_HCl_r2_7_1_32054.d,ProcessBlank,1,r2,0.5M HCl,32054,FALSE,FALSE,828,89.81520081,2.1898458,78.18299866,88.18599701,89.43599701,91.31199646,96.93800354,829,1.73E-06,3.95E-05,549,0,7769,1674,4.640979689,1992,2423,0.822121337,0.11878474,3704,1486,38.69619724,15.5244463,433.2139735,0.247924938,-0.493225657,18.99602788,0.485036493,1.577698415,372.5386757,0.094432829,-0.569686415,508299831.9,425666.8,197083.7284,9366,231,0.090119865,0.978716694,0.639278419,215005950.8,-21.74778019,-11513.90853,761
CRESS_Set_2_04B_r1_1_1_31957.d,61049_53_TOP,1,r1,H2O,31957,FALSE,FALSE,827,90.31826019,2.375501633,78.80899811,90.06099701,90.68599701,91.31199646,97.56300354,828,-5.31E-07,3.14E-05,516,0,6371,951,6.699263933,1373,992,1.384072581,0.086004076,4144,2398,56.18983051,32.51525424,404.1605754,0.067827669,-0.50161287,16.25909832,0.506630986,1.237516817,373.123662,0.266226386,-0.1646425,467977185.1,423602.534,196127.9732,7346,443,0.030423683,0.721973395,0.050119255,215005950.8,-21.74778019,-11513.90853,539
CRESS_Set_2_04B_r2_1_1_32018.d,61049_53_TOP,1,r2,H2O,32018,FALSE,FALSE,832,89.91845703,2.295746803,76.30799866,89.43599701,90.06099701,91.31199646,94.43699646,833,4.54E-08,3.15E-05,153,0,3443,617,5.580226904,528,536,0.985074627,0.084303675,2273,1456,55.38499025,35.47758285,379.042257,0.298553163,0.278644982,14.64582402,0.509091765,1.228763882,358.8961811,0.273033031,-0.160093144,447306602.5,415352.4756,192308.1962,4096,336,0.032779961,0.770178971,0.056915854,215005950.8,-21.74778019,-11513.90853,236
CRESS_Set_2_04C_r1_21_1_31980.d,61049_53_TOP,1,r1,0.5M HCl,31980,FALSE,FALSE,828,89.56061554,1.9336344,77.55799866,88.81099701,90.06099701,90.68599701,96.31300354,829,2.94E-06,3.27E-05,144,0,3043,792,3.842171717,446,564,0.790780142,0.086354427,2098,1466,53.96090535,37.70576132,394.1005513,0.238121318,-0.042896836,14.63185805,0.540443065,1.211768393,366.485219,0.276800142,-0.093697537,448674820.8,409825.5806,189749.2438,3868,310,0.031087439,0.778346627,0.052560312,215005950.8,-21.74778019,-11513.90853,187
CRESS_Set_2_04C_r2_21_1_32024.d,61049_53_TOP,1,r2,0.5M HCl,32024,FALSE,FALSE,828,87.98432159,1.690910459,75.05799866,87.56099701,88.18599701,88.81099701,91.93699646,829,-3.59E-06,3.11E-05,200,0,3542,851,4.162162162,582,667,0.872563718,0.087112626,2436,1658,54.80314961,37.30033746,399.0648248,0.187757458,-0.086247719,14.62179292,0.542309728,1.21478178,369.7360513,0.273421434,-0.089947029,452677808.8,411459.5584,190505.7756,4436,365,0.0407564,0.782270685,0.084341702,215005950.8,-21.74778019,-11513.90853,238
CRESS_Set_2_05B_r1_2_1_31978.d,61049_53_TOP,2,r1,H2O,31978,FALSE,FALSE,830,95.33379364,1.916371942,77.55799866,94.43699646,95.68800354,96.31300354,99.43900299,831,7.70E-07,3.51E-05,165,0,3431,598,5.737458194,542,550,0.985454545,0.08387899,2253,1456,55.41072307,35.80914904,376.1252436,0.186206935,-0.162584351,14.62165724,0.50421241,1.260118087,354.4871414,0.259382943,-0.202709288,448048850,427080.9094,197738.461,4056,370,0.045504593,0.768721478,0.206141133,215005950.8,-21.74778019,-11513.90853,221
CRESS_Set_2_05B_r2_2_1_32007.d,61049_53_TOP,2,r2,H2O,32007,FALSE,FALSE,831,93.32848358,1.638188958,77.55799866,92.56199646,93.81199646,94.43699646,96.93800354,832,-1.12E-07,3.13E-05,197,0,3834,705,5.438297872,619,634,0.976340694,0.084632666,2498,1582,54.36343852,34.42872688,381.1739759,0.304059698,0.141288363,14.87553299,0.50265158,1.262680024,357.0664365,0.257794729,-0.206655958,448856148.2,407488.9655,188667.391,4588,385,0.047960671,0.774750664,0.180569153,215005950.8,-21.74778019,-11513.90853,266
CRESS_Set_2_05C_r1_22_1_31985.d,61049_53_TOP,2,r1,0.5M HCl,31985,FALSE,FALSE,828,90.53089142,2.149756908,76.93299866,90.06099701,90.68599701,91.31199646,96.31300354,829,-4.39E-05,6.73E-05,2,0,765,376,2.034574468,29,206,0.140776699,0.083829796,566,516,48.1292517,43.87755102,351.0905754,0.722193096,1.791842402,12.94812907,0.550976307,1.193995954,337.7345099,0.288644621,-0.07617463,434756963.7,420148.5944,194528.7992,1176,112,0.037199668,0.750918367,0.062874396,215005950.8,-21.74778019,-11513.90853,35
CRESS_Set_2_05C_r2_22_1_31990.d,61049_53_TOP,2,r2,0.5M HCl,31990,FALSE,FALSE,829,89.36967468,1.636812687,76.93299866,88.81099701,89.43599701,90.06099701,93.81199646,830,-3.31E-06,3.25E-05,35,0,2011,594,3.385521886,207,404,0.512376238,0.086183056,1394,1059,52.58393059,39.94718974,379.601388,0.363960836,0.44033626,14.74040473,0.548677449,1.197426592,357.6566869,0.285794728,-0.070569433,442858383.3,421127.1961,194981.8918,2646,258,0.033734469,0.766556241,0.055306467,215005950.8,-21.74778019,-11513.90853,103
CRESS_Set_2_06B_r1_3_1_31955.d,61049_53_TOP,3,r1,H2O,31955,FALSE,FALSE,829,92.01596069,2.356958389,80.05899811,91.31199646,92.56199646,93.18699646,98.81300354,830,2.09E-06,3.43E-05,586,0,6832,880,7.763636364,1504,1003,1.499501496,0.085527175,4477,2550,57.50064218,32.7510917,408.0363222,0.125852269,-0.321183696,16.82201264,0.510660651,1.216301559,375.9459898,0.27706075,-0.136548354,466155689.5,397151.1229,183880.9699,7760,455,0.030501976,0.693185202,0.054912528,215005950.8,-21.74778019,-11513.90853,581
CRESS_Set_2_06B_r2_3_1_32016.d,61049_53_TOP,3,r2,H2O,32016,FALSE,FALSE,828,92.26218414,2.161924601,77.55799866,91.93699646,92.56199646,93.18699646,97.56300354,829,-1.45E-06,3.20E-05,301,0,4473,625,7.1568,808,616,1.311688312,0.084920348,3061,1868,59.51779117,36.3212133,394.1146843,0.119373423,-0.286947659,15.34841558,0.512107804,1.214009626,367.8278887,0.279465937,-0.13804564,453171097.1,417953.8072,193512.6127,5136,390,0.03196016,0.770805485,0.058638346,215005950.8,-21.74778019,-11513.90853,316
CRESS_Set_2_06C_r1_23_1_31954.d,61049_53_TOP,3,r1,0.5M HCl,31954,FALSE,FALSE,830,93.23601532,2.620820284,80.68399811,92.56199646,93.81199646,94.43699646,101.314003,831,-4.83E-07,3.79E-05,186,0,3241,808,4.011138614,498,546,0.912087912,0.086013528,2287,1619,56.04018623,39.67164911,401.1819511,0.070768045,-0.38983822,14.50804367,0.551575545,1.163813656,377.2971293,0.299402235,-0.020815996,449262878.7,403900.1694,187005.7784,4072,333,0.035287051,0.660412661,0.0577516,215005950.8,-21.74778019,-11513.90853,213
CRESS_Set_2_06C_r2_23_1_32020.d,61049_53_TOP,3,r2,0.5M HCl,32020,FALSE,FALSE,829,93.18024445,2.103315592,79.43399811,92.56199646,93.18699646,94.43699646,98.81300354,830,-1.94E-06,4.03E-05,9,0,1351,497,2.718309859,73,250,0.292,0.085533933,1043,865,55.8650241,46.33101232,383.0258534,0.510790636,0.789718559,14.03860024,0.559837612,1.138048151,365.5581195,0.315998945,0.006422267,437078920.3,394562.8522,182682.6006,1861,197,0.039339825,0.750715285,0.068650492,215005950.8,-21.74778019,-11513.90853,75
CRESS_Set_2_07B_r1_4_1_31971.d,61875_3_BTM,1,r1,H2O,31971,FALSE,FALSE,828,87.61048889,3.739805937,73.80699921,87.56099701,88.81099701,89.43599701,95.06300354,829,6.61E-07,3.52E-05,524,0,6517,961,6.781477627,1494,1308,1.142201835,0.092964017,3725,2117,49.26597011,27.99894194,424.1697235,0.124464085,0.053513784,16.57056801,0.48938223,1.418166607,384.5656402,0.160669855,-0.393416928,473321129,401475.8275,185883.3081,7500,404,0.050958938,0.786225982,0.261695506,215005950.8,-21.74778019,-11513.90853,535
CRESS_Set_2_07B_r2_4_1_31991.d,61875_3_BTM,1,r2,H2O,31991,FALSE,FALSE,831,86.97626495,2.331548929,73.18199921,86.30999756,87.56099701,88.18599701,91.93699646,832,2.29E-07,3.27E-05,352,0,4670,743,6.285329744,961,904,1.063053097,0.088651474,2746,1701,50.09120759,31.0288216,411.0991928,0.147134363,0.207851299,15.7560361,0.488438247,1.417556126,377.08871,0.161081794,-0.397360723,459858881.4,423371.2225,196020.876,5457,338,0.053044603,0.772291992,0.261455507,215005950.8,-21.74778019,-11513.90853,329
CRESS_Set_2_07C_r1_24_1_31977.d,61875_3_BTM,1,r1,0.5M HCl,31977,FALSE,FALSE,828,93.36296082,2.367583275,78.80899811,92.56199646,93.81199646,94.43699646,101.939003,828,9.09E-07,3.97E-05,156,0,2171,487,4.457905544,279,292,0.955479452,0.084557611,1651,1273,61.46686523,47.39389427,419.1197805,-0.165816565,-0.308653718,15.01883508,0.589570292,1.151629428,401.492001,0.273617989,0.049322013,442113724,413246.3969,191333.0818,2679,265,0.036975018,0.748698237,0.064012569,215005950.8,-21.74778019,-11513.90853,109
CRESS_Set_2_07C_r2_24_1_32031.d,61875_3_BTM,1,r2,0.5M HCl,32031,FALSE,FALSE,828,87.12954712,2.775816441,74.43199921,85.05999756,86.93599701,89.43599701,93.81199646,829,2.64E-06,4.17E-05,108,0,1686,440,3.831818182,193,254,0.75984252,0.086468423,1316,1061,60.95414544,49.14312182,415.6483002,-0.080967539,-0.23354596,14.22357418,0.594118094,1.144894309,402.1728409,0.275653196,0.062009704,438946528.8,401190.8046,185751.3426,2150,235,0.040614809,0.764460751,0.064556176,215005950.8,-21.74778019,-11513.90853,83
CRESS_Set_2_08B_r1_5_1_31944.d,61875_3_BTM,2,r1,H2O,31944,FALSE,FALSE,828,90.43347168,2.166681767,78.80899811,90.06099701,90.68599701,91.31199646,95.68800354,828,5.77E-07,3.27E-05,488,0,5863,902,6.5,1306,1187,1.100252738,0.092678701,3402,1996,49.765945,29.19836161,424.6277106,0.111628321,0.098954074,16.58512799,0.49474185,1.397011553,388.5308631,0.168920276,-0.363705765,469809046.4,408291.0544,189038.7582,6780,379,0.052342052,0.461995265,0.268552005,215005950.8,-21.74778019,-11513.90853,460
CRESS_Set_2_08B_r2_5_1_32029.d,61875_3_BTM,2,r2,H2O,32029,FALSE,FALSE,831,84.58010101,1.755879164,73.18199921,83.80999756,85.05999756,85.68499756,88.81099701,832,1.19E-06,3.44E-05,362,0,4742,819,5.78998779,989,982,1.00712831,0.090297258,2742,1702,48.6515259,30.1987225,419.1016797,0.117777845,0.159624184,16.03431175,0.495075557,1.397229272,385.17542,0.168616108,-0.365630124,460519374.6,398419.8929,184468.4104,5598,350,0.058685702,0.776605214,0.281350808,215005950.8,-21.74778019,-11513.90853,396
CRESS_Set_2_08C_r1_29_1_31946.d,61875_3_BTM,2,r1,0.5M HCl,31946,FALSE,FALSE,830,90.90943909,2.466519356,79.43399811,90.68599701,91.31199646,92.56199646,98.18800354,831,4.31E-07,4.01E-05,250,0,2880,698,4.126074499,425,411,1.03406326,0.090217626,2174,1528,60.03866335,42.19828777,435.6093232,-0.061405131,-0.018248654,15.36121974,0.598893579,1.13470826,414.6905456,0.277934333,0.086796273,447089070.1,405511.3548,187751.7573,3597,320,0.037567506,0.495714633,0.062251887,215005950.8,-21.74778019,-11513.90853,177
CRESS_Set_2_08C_r2_29_1_32030.d,61875_3_BTM,2,r2,0.5M HCl,32030,FALSE,FALSE,830,85.01334381,1.504436851,74.43199921,84.43499756,85.05999756,85.68499756,91.93699646,831,-3.13E-06,3.97E-05,162,0,2044,549,3.723132969,265,282,0.939716312,0.08802906,1622,1232,61.86117468,46.9870328,427.1430996,-0.112383129,-0.144802547,14.24342097,0.605011219,1.130961436,411.8271559,0.279024408,0.097622228,442104654.4,416557.2918,192866.0261,2595,253,0.034063738,0.762726777,0.054453456,215005950.8,-21.74778019,-11513.90853,90
CRESS_Set_2_09B_r1_6_1_31965.d,61875_3_BTM,3,r1,H2O,31965,FALSE,FALSE,829,93.19090271,3.956076145,78.80899811,93.18699646,94.43699646,95.68800354,100.064003,830,8.06E-07,3.20E-05,326,0,4609,755,6.104635762,952,967,0.984488108,0.088467849,2624,1606,48.34193073,29.58732498,406.1292848,0.221255079,0.3402604,15.28972461,0.478312673,1.420756532,371.0268885,0.167118713,-0.41605242,463144730.6,431148.2643,199621.6464,5398,333,0.049215164,0.753780326,0.285586887,215005950.8,-21.74778019,-11513.90853,304
CRESS_Set_2_09B_r2_6_1_32026.d,61875_3_BTM,3,r2,H2O,32026,FALSE,FALSE,827,92.43186951,2.916688204,77.55799866,91.93699646,93.18699646,93.81199646,101.939003,827,-1.28E-06,3.12E-05,391,0,5521,867,6.367935409,1175,1137,1.033421284,0.092534451,3113,1811,48.18885449,28.03405573,411.1874262,0.131933524,0.046769237,15.65477453,0.48005262,1.413858266,374.7059361,0.170429602,-0.403996024,467683687.6,404653.285,187354.471,6407,368,0.058755204,0.788276033,0.274132995,215005950.8,-21.74778019,-11513.90853,404
CRESS_Set_2_09C_r1_30_1_31987.d,61875_3_BTM,3,r1,0.5M HCl,31987,FALSE,FALSE,828,93.00509644,1.913582206,81.30899811,92.56199646,93.18699646,93.81199646,98.81300354,829,9.85E-07,3.95E-05,208,0,2523,588,4.290816327,348,327,1.064220183,0.086372289,1960,1444,62.53988513,46.07530313,427.6588432,0.017432949,0.140799515,15.0170145,0.598761857,1.128030084,409.4477647,0.283326587,0.094920959,445005053.3,403428.9278,186787.5936,3115,290,0.035529718,0.748342259,0.065580621,215005950.8,-21.74778019,-11513.90853,140
CRESS_Set_2_09C_r2_30_1_31998.d,61875_3_BTM,3,r2,0.5M HCl,31998,FALSE,FALSE,832,91.54534149,1.463968277,80.05899811,90.68599701,91.31199646,92.56199646,99.43900299,833,2.16E-06,3.82E-05,245,0,2931,632,4.637658228,427,367,1.163487738,0.089020797,2226,1565,62.02284759,43.60546113,431.0364834,-0.085252356,-0.095788172,15.11407,0.599814199,1.126178575,410.4218663,0.283874151,0.101162046,447297914.5,404935.5746,187485.1711,3562,308,0.034334928,0.756612114,0.056855744,215005950.8,-21.74778019,-11513.90853,172
CRESS_Set_2_10B_r1_7_1_31976.d,61798_1_TOP,1,r1,H2O,31976,FALSE,FALSE,828,93.94135284,2.124413252,81.30899811,93.18699646,94.43699646,95.06300354,98.18800354,829,-2.26E-06,2.88E-05,49,0,2611,548,4.76459854,307,431,0.712296984,0.082091179,1730,1164,54.07939981,36.38637074,374.033899,0.317404772,0.435358445,14.01992769,0.49302184,1.267925307,350.8155459,0.257251148,-0.238267211,444252904.7,429359.8431,198793.6074,3194,286,0.033543458,0.771516117,0.052429799,215005950.8,-21.74778019,-11513.90853,140
CRESS_Set_2_10B_r2_7_1_32000.d,61798_1_TOP,1,r2,H2O,32000,FALSE,FALSE,830,92.63872528,1.727913857,78.80899811,91.93699646,92.56199646,93.81199646,96.31300354,830,3.98E-06,3.15E-05,57,0,2759,587,4.700170358,333,451,0.738359202,0.087729584,1857,1222,54.81109799,36.06847698,375.2027079,0.419820856,0.698897119,13.70030775,0.493705741,1.270872244,353.5012306,0.255307659,-0.238829776,444022820.6,401238.3265,185773.3452,3383,286,0.032166858,0.763230394,0.05181212,215005950.8,-21.74778019,-11513.90853,160
CRESS_Set_2_10C_r1_31_1_31982.d,61798_1_TOP,1,r1,0.5M HCl,31982,FALSE,FALSE,832,93.70474243,2.04598093,80.68399811,93.18699646,93.81199646,94.43699646,99.43900299,832,2.12E-06,3.39E-05,20,0,1876,752,2.494680851,162,453,0.357615894,0.086553415,1314,938,48.88392857,34.89583333,379.0491487,0.571912258,1.082347407,13.67737451,0.532130751,1.205085677,361.631898,0.287864669,-0.094941954,442982344.9,402962.159,186571.4796,2679,208,0.03787902,0.762771384,0.053650198,215005950.8,-21.74778019,-11513.90853,116
CRESS_Set_2_10C_r2_31_1_32002.d,61798_1_TOP,1,r2,0.5M HCl,32002,FALSE,FALSE,829,92.3666153,2.209579229,78.80899811,91.93699646,92.56199646,93.18699646,99.43900299,830,8.99E-06,1.04E-05,3,0,890,496,1.794354839,51,285,0.178947368,0.089591068,651,538,45.39748954,37.51743375,357.1921926,1.015776088,2.347769741,12.81815502,0.537908424,1.204605359,350.1316234,0.288241568,-0.09156115,436358247,424020.6161,196321.5452,1431,112,0.038993576,0.742662382,0.057955822,215005950.8,-21.74778019,-11513.90853,38
CRESS_Set_2_11B_r1_8_1_31966.d,61798_1_TOP,2,r1,H2O,31966,FALSE,FALSE,831,91.78781128,2.398031235,78.18299866,91.31199646,91.93699646,93.18699646,98.18800354,832,-1.02E-06,3.43E-05,411,0,5521,792,6.970959596,1148,850,1.350588235,0.086822816,3568,2064,56.10062893,32.45283019,386.0848587,0.229347597,-0.353876036,15.38059737,0.487973059,1.297552174,357.2668276,0.239284089,-0.264915378,460043246.7,402304.2927,186266.8875,6341,436,0.053460677,0.770704059,0.167728651,215005950.8,-21.74778019,-11513.90853,462
CRESS_Set_2_11B_r2_8_1_32014.d,61798_1_TOP,2,r2,H2O,32014,FALSE,FALSE,828,91.49435425,2.593133688,77.55799866,91.31199646,91.93699646,92.56199646,97.56300354,829,-6.44E-07,3.44E-05,553,0,6774,925,7.323243243,1518,1079,1.406858202,0.086427231,4326,2420,55.80495356,31.21775026,396.0980077,0.174566631,-0.467666121,16.61838185,0.488856016,1.294051693,363.5309792,0.240442476,-0.255324734,469601216.8,405594.2219,187790.1247,7721,484,0.055120648,0.801608159,0.220156967,215005950.8,-21.74778019,-11513.90853,601
CRESS_Set_2_11C_r1_32_1_31963.d,61798_1_TOP,2,r1,0.5M HCl,31963,FALSE,FALSE,828,89.24433899,3.129481077,73.80699921,88.81099701,90.06099701,91.31199646,93.18699646,829,-4.45E-06,5.00E-06,2,0,431,409,1.053789731,21,201,0.104477612,0.095556702,328,270,37.31513083,30.71672355,331.158275,1.72665907,3.004906796,10.83726363,0.53229649,1.21190822,347.7487665,0.286284693,-0.111598235,432729306.5,398005.995,184276.7757,876,48,0.045331643,0.71789729,0.067117677,215005950.8,-21.74778019,-11513.90853,26
CRESS_Set_2_11C_r2_32_1_32003.d,61798_1_TOP,2,r2,0.5M HCl,32003,FALSE,FALSE,828,89.85280609,2.073739529,76.30799866,89.43599701,90.06099701,90.68599701,95.06300354,829,4.68E-06,1.82E-05,9,0,1129,601,1.878535774,68,320,0.2125,0.08950924,801,650,45.10135135,36.5990991,359.098658,0.908907236,2.032317278,13.53852443,0.528669634,1.22022816,351.0596061,0.28103631,-0.12479021,437683631.9,401254.7628,185780.9552,1771,148,0.04279946,0.761902899,0.068489365,215005950.8,-21.74778019,-11513.90853,66
CRESS_Set_2_12B_r1_9_1_31975.d,61798_1_TOP,3,r1,H2O,31975,FALSE,FALSE,830,94.00813293,3.391132832,75.68299866,93.81199646,95.06300354,95.68800354,100.689003,831,-1.30E-06,3.32E-05,532,0,6510,764,8.520942408,1419,896,1.583705357,0.086544227,4308,2437,58.88463641,33.31055221,401.1916974,0.118981109,-0.544894751,16.13066712,0.500476946,1.256841054,369.0185768,0.255879894,-0.196499327,465470496.2,412904.3936,191174.7342,7292,442,0.031017444,0.808271087,0.055075166,215005950.8,-21.74778019,-11513.90853,541
CRESS_Set_2_12B_r2_9_1_32010.d,61798_1_TOP,3,r2,H2O,32010,FALSE,FALSE,828,93.25724792,1.911086798,79.43399811,92.56199646,93.18699646,94.43699646,97.56300354,829,1.51E-06,3.20E-05,346,0,4899,611,8.018003273,953,658,1.448328267,0.085913272,3274,1989,59.03353768,35.86368554,390.1590736,0.109471491,-0.482502438,14.97913177,0.503568435,1.250325346,362.2197958,0.259868824,-0.188930688,454804251.6,418715.8574,193865.442,5536,387,0.031955002,0.783904892,0.056177656,215005950.8,-21.74778019,-11513.90853,335
CRESS_Set_2_12C_r1_33_1_31942.d,61798_1_TOP,3,r1,0.5M HCl,31942,FALSE,FALSE,829,89.43753815,2.022652388,78.80899811,88.81099701,89.43599701,90.68599701,95.06300354,830,-5.57E-06,3.77E-05,9,0,1221,555,2.2,85,315,0.26984127,0.094841724,873,665,47.65283843,36.29912664,366.0468005,0.923479645,1.854047024,12.70541427,0.524927724,1.223477649,356.4926603,0.276419827,-0.127480009,437500540.2,387964.0565,179627.3581,1827,148,0.045983691,0.372044572,0.064030317,215005950.8,-21.74778019,-11513.90853,104
CRESS_Set_2_12C_r2_33_1_31989.d,61798_1_TOP,3,r2,0.5M HCl,31989,FALSE,FALSE,832,92.58822632,2.181314945,79.43399811,91.93699646,92.56199646,93.81199646,100.064003,833,9.67E-07,1.67E-05,14,0,1710,616,2.775974026,140,380,0.368421053,0.08657708,1185,870,49.97891185,36.69337832,375.1088632,0.517134355,0.939950716,13.88284192,0.527064458,1.217813354,357.5003028,0.281247115,-0.115975879,439737668.6,407711.8169,188770.5712,2364,187,0.033331362,0.757091464,0.055601279,215005950.8,-21.74778019,-11513.90853,100
CRESS_Set_2_13B_r1_10_1_31941.d,61803_4_BTM,1,r1,H2O,31941,FALSE,FALSE,830,91.49843597,1.719028354,80.05899811,90.68599701,91.93699646,92.56199646,96.93800354,831,-5.96E-07,3.59E-05,233,0,2929,678,4.320058997,480,505,0.95049505,0.083601862,1971,1645,54,45.06849315,401.201169,0.120703614,-0.408527098,16.1545002,0.546550298,1.165585362,373.4521216,0.294019791,-0.056575043,447151273,421878.7123,195329.8438,3643,356,0.031919006,0.342830532,0.058934241,215005950.8,-21.74778019,-11513.90853,143
CRESS_Set_2_13B_r2_10_1_32034.d,61803_4_BTM,1,r2,H2O,32034,FALSE,FALSE,831,92.93729401,1.548883438,82.55899811,92.56199646,93.18699646,93.81199646,100.064003,832,2.50E-06,3.46E-05,380,0,3871,632,6.125,732,547,1.33820841,0.083769873,2606,2050,57.43883624,45.18404232,411.0814627,0.122387826,-0.463573195,15.98195053,0.549471561,1.154678842,380.8344117,0.29849662,-0.03705156,452420348.6,417836.3686,193458.2387,4527,414,0.030790517,0.817562219,0.055991394,215005950.8,-21.74778019,-11513.90853,201
CRESS_Set_2_13C_r1_34_1_31950.d,61803_4_BTM,1,r1,0.5M HCl,31950,FALSE,FALSE,831,92.13460541,1.96034658,80.68399811,91.31199646,92.56199646,93.18699646,97.56300354,832,-6.97E-06,4.48E-05,63,0,1730,557,3.105924596,180,325,0.553846154,0.087193227,1251,1125,54.15584416,48.7012987,411.1662946,0.09795071,-0.447626336,15.94365979,0.600160307,1.087574077,394.2206889,0.322500565,0.12466404,440865380.6,398188.3029,184361.1842,2303,259,0.038436996,0.57287884,0.062661606,215005950.8,-21.74778019,-11513.90853,104
CRESS_Set_2_13C_r2_34_1_32035.d,61803_4_BTM,1,r2,0.5M HCl,32035,FALSE,FALSE,828,92.62536621,1.366090417,81.30899811,91.93699646,92.56199646,93.18699646,98.81300354,829,-5.84E-06,3.36E-05,25,0,1318,481,2.74012474,101,247,0.408906883,0.082766106,1008,925,55.35420099,50.79626579,403.1430942,0.173534879,-0.407252547,15.16797268,0.607667724,1.068884756,392.8081166,0.332251859,0.156212033,439013898.5,408891.5695,189316.7967,1819,222,0.043915977,0.81729479,0.066337726,215005950.8,-21.74778019,-11513.90853,63
CRESS_Set_2_14B_r1_11_1_31964.d,61803_4_BTM,2,r1,H2O,31964,FALSE,FALSE,828,91.57888031,3.076183081,76.30799866,91.31199646,92.56199646,93.18699646,96.31300354,829,-4.45E-06,3.39E-05,106,0,2328,514,4.529182879,306,355,0.861971831,0.086470127,1593,1344,55.35093815,46.69909659,399.2391376,0.213623059,-0.121314549,15.71647095,0.539407101,1.206332605,372.8935314,0.271454182,-0.114233642,442198972.2,400602.1361,185478.789,2873,322,0.035771028,0.730070294,0.059681925,215005950.8,-21.74778019,-11513.90853,114
CRESS_Set_2_14B_r2_11_1_32032.d,61803_4_BTM,2,r2,H2O,32032,FALSE,FALSE,828,88.17897034,3.099923849,76.93299866,85.68499756,89.43599701,90.68599701,95.68800354,829,2.82E-06,3.46E-05,92,0,2166,463,4.678185745,277,319,0.868338558,0.083431919,1490,1286,55.95193391,48.29140068,397.205278,0.217897582,-0.103447997,15.8336298,0.540588631,1.200706159,371.8576391,0.27395257,-0.107693108,441861872.1,416844.1217,192998.8283,2660,307,0.031388451,0.777455102,0.051214775,215005950.8,-21.74778019,-11513.90853,123
CRESS_Set_2_14C_r1_35_1_31959.d,61803_4_BTM,2,r1,0.5M HCl,31959,FALSE,FALSE,829,90.97608948,2.153860092,78.80899811,90.68599701,91.31199646,91.93699646,98.18800354,830,-5.29E-07,3.93E-05,203,0,2615,691,3.784370478,387,441,0.87755102,0.08428845,1833,1576,54.79820628,47.11509716,421.0415479,0.115789086,-0.359168915,16.19993014,0.59203372,1.101254142,397.9207233,0.314707458,0.096288897,449177991.2,428272.6519,198290.2379,3332,324,0.035466329,0.709968988,0.06228384,215005950.8,-21.74778019,-11513.90853,132
CRESS_Set_2_14C_r2_35_1_31997.d,61803_4_BTM,2,r2,0.5M HCl,31997,FALSE,FALSE,829,89.94059753,2.398625851,75.68299866,89.43599701,90.06099701,91.31199646,95.06300354,830,4.66E-07,3.78E-05,63,0,1661,515,3.225242718,165,279,0.591397849,0.081415316,1232,1118,55.74660633,50.58823529,407.1168843,0.233427012,-0.210961994,16.2247853,0.596567797,1.084913699,391.6960023,0.325362953,0.119351634,442041125.6,422061.7805,195414.6044,2203,262,0.033292838,0.751741156,0.057431326,215005950.8,-21.74778019,-11513.90853,107
CRESS_Set_2_15B_r1_12_1_31973.d,61803_4_BTM,3,r1,H2O,31973,FALSE,FALSE,827,91.48698425,3.553403378,76.93299866,91.31199646,92.56199646,93.18699646,96.93800354,828,3.31E-06,3.74E-05,222,0,3011,568,5.301056338,458,431,1.062645012,0.086561486,2033,1719,56.33139374,47.63092269,405.1194194,0.152091724,-0.320135195,16.07837411,0.540299225,1.188694723,377.5878645,0.280343059,-0.093470053,446713877.4,401110.8001,185714.3005,3602,370,0.035714702,0.761295254,0.056362331,215005950.8,-21.74778019,-11513.90853,183
CRESS_Set_2_15B_r2_12_1_32009.d,61803_4_BTM,3,r2,H2O,32009,FALSE,FALSE,832,91.58365631,2.316745281,76.93299866,91.31199646,91.93699646,92.56199646,100.064003,833,-4.62E-06,3.78E-05,123,0,2305,493,4.675456389,286,334,0.856287425,0.081911823,1586,1397,56.26108549,49.55658035,399.0830196,0.190151616,-0.183141156,16.05975953,0.541892503,1.182360004,372.9728436,0.284305965,-0.086911644,443150973.1,413522.4603,191460.8991,2813,329,0.033911799,0.757387374,0.060560972,215005950.8,-21.74778019,-11513.90853,114
CRESS_Set_2_15C_r1_36_1_31968.d,61803_4_BTM,3,r1,0.5M HCl,31968,FALSE,FALSE,828,93.54040527,2.126140118,79.43399811,93.18699646,93.81199646,94.43699646,98.18800354,829,4.60E-06,4.20E-05,129,0,2081,579,3.594127807,259,352,0.735795455,0.086746804,1506,1329,56.00595017,49.42357754,413.2001915,0.143811043,-0.3172104,16.21599489,0.600113968,1.082522462,395.107242,0.32522361,0.129909265,444645535.6,410978.9137,190283.237,2682,292,0.033307348,0.746624438,0.054320335,215005950.8,-21.74778019,-11513.90853,114
CRESS_Set_2_15C_r2_36_1_32025.d,61803_4_BTM,3,r2,0.5M HCl,32025,FALSE,FALSE,830,92.71028137,2.031937599,78.18299866,91.93699646,93.18699646,93.81199646,98.18800354,831,3.08E-06,3.32E-05,44,0,1423,472,3.014830508,118,244,0.483606557,0.083626212,1079,989,56.13943809,51.45681582,403.1037767,0.345761054,0.023956809,16.02193992,0.610343619,1.060388904,391.1684976,0.336795386,0.170497592,439771817.1,400918.9244,185625.462,1918,231,0.037035739,0.747018028,0.06145052,215005950.8,-21.74778019,-11513.90853,86
CRESS_Set_2_16B_r1_13_1_31949.d,62049_1_TOP,1,r1,H2O,31949,FALSE,FALSE,831,91.04231262,3.063522816,78.18299866,90.68599701,91.93699646,92.56199646,97.56300354,832,7.08E-07,3.86E-05,534,0,6474,852,7.598591549,1477,1087,1.358785649,0.093627429,3913,2485,52.93560606,33.61742424,434.0367361,0.012927822,-0.349760217,16.13966431,0.500447151,1.39289626,398.9710555,0.171803749,-0.351621304,468289997.7,403955.5061,187031.3993,7360,431,0.036305634,0.587663829,0.066122608,215005950.8,-21.74778019,-11513.90853,495
CRESS_Set_2_16B_r2_13_1_31996.d,62049_1_TOP,1,r2,H2O,31996,FALSE,FALSE,828,91.88623047,2.017313957,80.05899811,91.31199646,91.93699646,93.18699646,96.93800354,829,1.10E-06,3.70E-05,660,0,7451,890,8.371910112,1792,1263,1.418844022,0.091449759,4486,2767,53.29056783,32.87004039,441.1280162,0.029156233,-0.368133518,16.35298467,0.499841373,1.387935224,402.9538742,0.173929448,-0.345551062,477967776.1,414408.2706,191871.0293,8376,511,0.051255783,0.807174631,0.112742824,215005950.8,-21.74778019,-11513.90853,609
CRESS_Set_2_16C_r1_37_1_31986.d,62049_1_TOP,1,r1,0.5M HCl,31986,FALSE,FALSE,828,93.77219391,2.530123472,76.93299866,93.18699646,94.43699646,95.06300354,98.81300354,829,6.84E-06,1.86E-05,4,0,706,446,1.582959641,27,211,0.127962085,0.099607488,549,495,46.44670051,41.87817259,387.2027217,0.6403127,0.926128278,11.70152783,0.588360011,1.15510118,387.092781,0.287024788,0.04365486,434221380.1,395117.7751,182939.5299,1179,82,0.044654159,0.738137041,0.071699627,215005950.8,-21.74778019,-11513.90853,43
CRESS_Set_2_16C_r2_37_1_32001.d,62049_1_TOP,1,r2,0.5M HCl,32001,FALSE,FALSE,827,92.90887451,1.69438839,81.93399811,92.24949646,93.18699646,93.81199646,96.93800354,828,1.98E-07,1.30E-05,5,0,865,462,1.872294372,38,230,0.165217391,0.091389582,664,596,49.14877868,44.11547002,395.080434,0.255584942,-0.101472143,12.41538526,0.581674464,1.174086375,386.6940313,0.276601431,0.011740385,436031834.1,415592.4856,192419.3208,1351,107,0.043493944,0.727491313,0.060943294,215005950.8,-21.74778019,-11513.90853,40
CRESS_Set_2_17B_r1_14_1_31945.d,62049_1_TOP,2,r1,H2O,31945,FALSE,FALSE,829,87.44691467,2.190455198,76.30799866,86.93599701,87.56099701,88.81099701,91.31199646,830,3.88E-06,3.97E-05,657,0,7048,813,8.669126691,1695,1135,1.49339207,0.090499309,4315,2741,54.5305194,34.63920131,438.0761195,-0.044020146,-0.518484311,16.57093627,0.502976675,1.38355325,401.2019301,0.175001885,-0.336408305,475289171.8,416715.4407,192939.249,7884,461,0.031940611,0.502331594,0.054453763,215005950.8,-21.74778019,-11513.90853,557
CRESS_Set_2_17B_r2_14_1_32019.d,62049_1_TOP,2,r2,H2O,32019,FALSE,FALSE,827,89.36801147,1.94260478,76.93299866,88.81099701,89.43599701,90.06099701,94.43699646,828,2.79E-06,3.52E-05,409,0,5334,653,8.168453292,1119,795,1.40754717,0.086557592,3286,2222,54.55752947,36.89191433,426.1995362,-0.064986961,-0.493696872,16.01605332,0.505026055,1.381785783,394.0220117,0.17529686,-0.334318233,460560295.1,414081.2991,191719.6415,6011,407,0.032964277,0.778824439,0.054305445,215005950.8,-21.74778019,-11513.90853,339
CRESS_Set_2_17C_r1_38_1_31960.d,62049_1_TOP,2,r1,0.5M HCl,31960,FALSE,FALSE,829,92.61995697,2.210830927,80.68399811,91.93699646,93.18699646,93.81199646,98.81300354,830,-2.05E-05,3.60E-05,9,0,1409,543,2.594843462,91,304,0.299342105,0.088687272,1026,897,51.60965795,45.12072435,406.6171925,0.109709666,-0.401259779,14.2568192,0.577880816,1.182545241,394.0218611,0.274450073,-0.005588049,439687461.4,406159.9236,188052.0446,1986,188,0.046839193,0.696461763,0.078145495,215005950.8,-21.74778019,-11513.90853,71
CRESS_Set_2_17C_r2_38_1_32015.d,62049_1_TOP,2,r2,0.5M HCl,32015,FALSE,FALSE,829,92.14419556,1.982797861,78.80899811,91.93699646,92.56199646,93.18699646,98.18800354,830,-5.41E-06,3.82E-05,6,0,1121,463,2.421166307,61,238,0.256302521,0.09157743,849,760,52.53712871,47.02970297,405.0102419,0.242443137,-0.12212853,13.26549186,0.580599487,1.164327843,395.7795495,0.283553233,0.016224551,437391245.5,397780.3216,184172.2889,1611,148,0.046264245,0.741396067,0.068189451,215005950.8,-21.74778019,-11513.90853,49
CRESS_Set_2_18B_r1_15_1_31969.d,62049_1_TOP,3,r1,H2O,31969,FALSE,FALSE,829,89.52505493,2.846234083,76.30799866,89.43599701,90.06099701,91.31199646,95.68800354,830,1.09E-06,3.65E-05,496,0,6109,819,7.459096459,1388,1003,1.383848455,0.092702157,3773,2436,53.85383957,34.77019697,434.2034936,0.038197391,-0.28221491,15.89273579,0.503157539,1.381414142,399.6384627,0.178066986,-0.339053078,464327257.9,390957.9201,181013.517,6974,440,0.034172179,0.774532135,0.05800147,215005950.8,-21.74778019,-11513.90853,473
CRESS_Set_2_18B_r2_15_1_32017.d,62049_1_TOP,3,r2,H2O,32017,FALSE,FALSE,827,89.47385406,2.110794306,76.30799866,88.81099701,90.06099701,90.68599701,95.06300354,828,-1.35E-06,3.66E-05,350,0,4879,676,7.217455621,1019,780,1.306410256,0.092191149,3051,2073,54.36564505,36.93870278,428.1282751,-0.035513531,-0.398165635,15.8946734,0.502184853,1.382889055,395.9491772,0.177519572,-0.34660955,457476843.8,406459.706,188190.8439,5594,397,0.035654617,0.776801977,0.054131125,215005950.8,-21.74778019,-11513.90853,351
CRESS_Set_2_18C_r1_39_1_31952.d,62049_1_TOP,3,r1,0.5M HCl,31952,FALSE,FALSE,835,90.99942017,2.428859949,79.43399811,90.68599701,91.31199646,92.56199646,95.68800354,836,-5.88E-07,1.33E-05,7,0,1180,597,1.976549414,72,328,0.219512195,0.087786779,866,760,47.5041141,41.68952276,402.1428471,0.288876672,-0.087845138,13.29408112,0.575869943,1.180873015,396.2118496,0.275692529,-0.004233011,439493389.6,429823.4634,199008.2636,1819,153,0.041051204,0.602446538,0.06622114,215005950.8,-21.74778019,-11513.90853,62
CRESS_Set_2_18C_r2_39_1_31992.d,62049_1_TOP,3,r2,0.5M HCl,31992,FALSE,FALSE,829,91.34783173,1.612069488,78.18299866,90.68599701,91.31199646,91.93699646,97.56300354,830,3.68E-06,3.29E-05,4,0,771,501,1.538922156,40,259,0.154440154,0.090159645,590,530,45.34973098,40.73789393,395.0440743,0.274339613,-0.017283578,12.48084607,0.586882199,1.15823444,389.7745231,0.287829424,0.040581191,436922900.5,424748.2992,196658.4625,1301,97,0.049729897,0.750895699,0.073384565,215005950.8,-21.74778019,-11513.90853,34
CRESS_Set_2_19B_r1_16_1_31970.d,61049_51_BTM,1,r1,H2O,31970,FALSE,FALSE,829,90.64349365,3.302823067,74.43199921,90.06099701,91.31199646,92.56199646,96.31300354,830,3.32E-07,2.57E-05,158,0,2956,709,4.169252468,528,683,0.773060029,0.085256078,1654,1160,44.51022605,31.21636168,401.2365647,0.101577824,-0.238147885,14.84841648,0.468633884,1.527278245,361.8267185,0.109295239,-0.554828527,448389270.3,430221.7896,199192.6886,3708,191,0.044724082,0.758923318,0.072393285,215005950.8,-21.74778019,-11513.90853,126
CRESS_Set_2_19B_r2_16_1_31994.d,61049_51_BTM,1,r2,H2O,31994,FALSE,FALSE,830,89.5189209,2.514259338,74.43199921,88.81099701,90.06099701,90.68599701,95.68800354,831,3.65E-06,3.54E-05,192,0,3512,830,4.231325301,657,816,0.805147059,0.095216488,1961,1311,44.50748979,29.75487971,409.1870789,0.106889945,-0.219355335,15.48130499,0.469469993,1.517825466,366.0419371,0.11520409,-0.543825694,450264889.5,400383.702,185377.654,4391,217,0.046508814,0.777377461,0.073762939,215005950.8,-21.74778019,-11513.90853,205
CRESS_Set_2_19C_r1_40_1_31943.d,61049_51_BTM,1,r1,0.5M HCl,31943,FALSE,FALSE,830,89.73654175,2.116368771,77.55799866,89.43599701,90.06099701,90.68599701,98.18800354,831,-2.69E-06,5.48E-05,72,0,1846,571,3.232924694,201,313,0.642172524,0.087628154,1427,1149,57.98455912,46.68833807,419.0621646,0.087834285,0.019012894,14.64706983,0.581481458,1.113680411,401.5999339,0.309896645,0.070189465,441509120.7,396895.5184,183762.625,2451,255,0.036799984,0.395290758,0.063680307,215005950.8,-21.74778019,-11513.90853,117
CRESS_Set_2_19C_r2_40_1_32011.d,61049_51_BTM,1,r2,0.5M HCl,32011,FALSE,FALSE,831,91.00393677,2.441757917,77.55799866,90.68599701,91.31199646,91.93699646,98.18800354,832,-2.18E-06,2.96E-05,10,0,1107,420,2.635714286,78,209,0.373205742,0.089472826,890,794,57.30843529,51.12685126,403.0779273,0.110575774,-0.148717658,13.99000077,0.59049413,1.103161489,394.8686224,0.314675062,0.09223219,437191895.7,412868.7804,191158.2453,1550,177,0.043409731,0.726564634,0.067936066,215005950.8,-21.74778019,-11513.90853,59
CRESS_Set_2_20B_r1_17_1_31948.d,61049_51_BTM,2,r1,H2O,31948,FALSE,FALSE,831,89.83487701,3.31414628,77.55799866,89.43599701,90.68599701,91.93699646,95.06300354,832,2.62E-09,3.32E-05,141,0,2972,768,3.869791667,532,719,0.739916551,0.09221975,1701,1166,44.72784644,30.66000526,403.1247693,0.273330286,0.191167862,14.68010926,0.465473321,1.512517655,364.0843114,0.120704747,-0.544826886,447591711.4,403459.7828,186801.8794,3790,203,0.046045278,0.537622466,0.070427218,215005950.8,-21.74778019,-11513.90853,182
CRESS_Set_2_20B_r2_17_1_31993.d,61049_51_BTM,2,r2,H2O,31993,FALSE,FALSE,825,91.1782608,3.506108046,75.05799866,90.68599701,91.93699646,93.18699646,95.68800354,826,6.07E-06,3.21E-05,130,0,2661,709,3.753173484,449,649,0.69183359,0.088101793,1495,1069,43.64963504,31.21167883,397.0778795,0.186959367,-0.028268767,15.16701501,0.467132403,1.515695224,358.9385434,0.118129754,-0.546064931,446671726.3,417156.2509,193143.3442,3416,203,0.059298476,0.767097056,0.160988741,215005950.8,-21.74778019,-11513.90853,149
CRESS_Set_2_20C_r1_41_1_31972.d,61049_51_BTM,2,r1,0.5M HCl,31972,FALSE,FALSE,830,93.39417267,1.921488166,81.30899811,92.56199646,93.81199646,94.43699646,100.064003,831,5.89E-06,4.79E-05,106,0,2120,568,3.732394366,246,308,0.798701299,0.088032759,1644,1300,60.48565121,47.82928624,423.6897871,-0.126293877,-0.288251998,14.96825389,0.582011449,1.117771144,402.084897,0.305526984,0.06729081,443101841,414254.9901,191800.0604,2706,278,0.036564112,0.752607858,0.060140072,215005950.8,-21.74778019,-11513.90853,113
CRESS_Set_2_20C_r2_41_1_31999.d,61049_51_BTM,2,r2,0.5M HCl,31999,FALSE,FALSE,831,92.995224,2.00888443,80.05899811,92.56199646,93.18699646,93.81199646,97.56300354,832,-2.37E-06,4.90E-05,50,0,1570,487,3.223819302,138,239,0.577405858,0.087523972,1247,1050,60.12536162,50.6268081,413.2184313,-0.047665163,-0.224310605,15.04805003,0.585866719,1.113609657,395.6039032,0.308000289,0.074483797,438867067,407777.6966,188801.0735,2071,234,0.036296667,0.746075508,0.060832347,215005950.8,-21.74778019,-11513.90853,73
CRESS_Set_2_21B_r1_18_1_31974.d,61049_51_BTM,3,r1,H2O,31974,FALSE,FALSE,829,91.97603607,1.864707589,81.30899811,91.31199646,91.93699646,93.18699646,99.43900299,830,-4.96E-06,3.13E-05,162,0,3115,714,4.362745098,564,712,0.792134831,0.094458614,1802,1216,46.40741695,31.31599279,409.1494912,0.168671088,0.012333403,15.1667755,0.477041096,1.504837249,369.1086126,0.118702199,-0.512885414,448585079.2,408796.2502,189272.6638,3862,221,0.051170828,0.759927331,0.122071088,215005950.8,-21.74778019,-11513.90853,196
CRESS_Set_2_21B_r2_18_1_32012.d,61049_51_BTM,3,r2,H2O,32012,FALSE,FALSE,828,90.49315643,2.320583344,76.93299866,90.06099701,90.68599701,91.93699646,95.06300354,829,2.67E-06,3.25E-05,125,0,2592,642,4.037383178,427,603,0.708126036,0.091650343,1485,1036,45.15050167,31.49893585,405.0466617,0.262779491,0.240163524,14.97909203,0.47847824,1.504531975,365.6577181,0.118253554,-0.510948411,444496692.8,394963.7731,182868.2269,3274,183,0.062291836,0.735077435,0.12979837,215005950.8,-21.74778019,-11513.90853,132
CRESS_Set_2_21C_r1_42_1_31947.d,61049_51_BTM,3,r1,0.5M HCl,31947,FALSE,FALSE,831,87.53289795,2.277438641,75.68299866,86.93599701,88.18599701,88.81099701,91.93699646,832,-9.16E-07,4.62E-05,61,0,1707,571,2.989492119,175,295,0.593220339,0.083081542,1327,1089,57.19827586,46.93965517,417.067686,-0.08932802,-0.367974707,15.29250473,0.582436446,1.130848668,395.256686,0.30022759,0.05199945,442187833.4,425122.2218,196831.5887,2313,256,0.037340978,0.507405529,0.06249557,215005950.8,-21.74778019,-11513.90853,111
CRESS_Set_2_21C_r2_42_1_32008.d,61049_51_BTM,3,r2,0.5M HCl,32008,FALSE,FALSE,829,88.66090393,1.975320101,75.68299866,88.18599701,88.81099701,89.43599701,95.68800354,830,4.39E-07,4.90E-05,52,0,1584,550,2.88,136,295,0.461016949,0.083935361,1267,1055,58.19935691,48.46118512,415.1612947,0.061464862,0.042549555,14.54052457,0.581208076,1.131007533,396.4984669,0.29964664,0.047371504,440288439.6,412884.6499,191165.5929,2170,234,0.036276523,0.755822591,0.061496519,215005950.8,-21.74778019,-11513.90853,72
CRESS_Set_2_PBB1_r1_19_1_31958.d,ProcessBlank,1,r1,H2O,31958,FALSE,FALSE,832,92.42668915,2.083538771,80.68399811,91.93699646,92.56199646,93.18699646,98.18800354,833,-9.27E-09,3.49E-05,391,0,5108,796,6.417085427,1245,1176,1.058673469,0.10017326,2635,1307,44.16694603,21.9074757,435.1510777,0.101589557,-0.594808808,16.99806302,0.453898175,1.568287441,394.8014786,0.085978146,-0.605604164,464365561.9,403820.8811,186969.068,5914,151,0.065670689,0.70816908,0.456549782,215005950.8,-21.74778019,-11513.90853,400
CRESS_Set_2_PBB1_r2_19_1_32036.d,ProcessBlank,1,r2,H2O,32036,FALSE,FALSE,830,91.35909271,1.988384128,78.18299866,90.68599701,91.31199646,92.56199646,95.68800354,831,-1.30E-07,3.44E-05,194,0,3166,546,5.798534799,675,736,0.917119565,0.094628215,1636,892,43.62666667,23.78666667,418.1944492,0.039466512,-0.70665167,15.93521276,0.455502616,1.562233112,385.5299829,0.087513296,-0.600624242,448139098.4,410023.1175,189840.7034,3719,98,0.055443081,0.86254465,0.203717283,215005950.8,-21.74778019,-11513.90853,186
CRESS_Set_2_PBB2_r1_20_1_31979.d,ProcessBlank,2,r1,H2O,31979,FALSE,FALSE,829,96.0602951,1.730050802,83.80999756,95.68800354,96.31300354,96.93800354,101.314003,830,2.87E-06,3.44E-05,171,0,2864,703,4.073968706,596,713,0.835904628,0.100120205,1488,861,41.24168514,23.86363636,422.1852903,0.039357114,-0.505525993,15.51088636,0.469895654,1.578660417,384.6560257,0.073929888,-0.598343661,447705396.8,424555.1562,196569.0373,3586,81,0.03333235,0.766977091,0.047005571,215005950.8,-21.74778019,-11513.90853,156
CRESS_Set_2_PBB2_r2_20_1_32023.d,ProcessBlank,2,r2,H2O,32023,FALSE,FALSE,829,94.46833801,1.975669742,81.93399811,93.81199646,94.43699646,95.06300354,108.8160019,829,-2.49E-06,3.70E-05,392,0,5267,1095,4.810045662,1278,1323,0.965986395,0.096229305,2610,1359,40.53424445,21.10576176,437.1808009,0.036535336,-0.541555677,16.7375876,0.472706765,1.574396032,395.9960863,0.077800015,-0.577661564,467484982.3,407090.8775,188483.0763,6399,154,0.052792752,0.783124519,0.202182888,215005950.8,-21.74778019,-11513.90853,383
CRESS_Set_2_PBC1_r1_43_1_31988.d,ProcessBlank,1,r1,0.5M HCl,31988,FALSE,FALSE,827,95.19946289,2.349982262,81.93399811,94.43699646,95.68800354,96.31300354,100.689003,828,1.05E-05,3.49E-05,30,0,1491,712,2.094101124,244,546,0.446886447,0.095234398,684,409,30.29229407,18.11337467,384.1974273,0.604013307,0.480446388,13.77621494,0.438985785,1.576435099,361.004066,0.093199384,-0.649601369,439869249.1,408338.9403,189060.9294,2248,49,0.041072579,0.761410478,0.476534573,215005950.8,-21.74778019,-11513.90853,102
CRESS_Set_2_PBC1_r2_43_1_32013.d,ProcessBlank,1,r2,0.5M HCl,32013,FALSE,FALSE,830,94.27770996,1.535376191,81.93399811,93.81199646,94.43699646,95.06300354,98.81300354,830,1.18E-06,2.84E-05,55,0,1935,806,2.400744417,359,670,0.535820896,0.101894815,904,504,32.27418779,17.99357372,397.168887,0.401379686,0.114374232,14.19108509,0.442282585,1.577814714,369.4950782,0.093591414,-0.641231403,443637752.7,413038.186,191236.6801,2788,62,0.051523169,0.762863824,0.469695239,215005950.8,-21.74778019,-11513.90853,121
CRESS_Set_2_PBC2_r1_44_1_31951.d,ProcessBlank,2,r1,0.5M HCl,31951,FALSE,FALSE,828,93.18101501,2.250109673,80.68399811,92.56199646,93.81199646,94.43699646,98.18800354,829,4.60E-07,2.59E-05,38,0,1553,825,1.882424242,253,600,0.421666667,0.097217377,750,455,30.4754165,18.48841934,381.1375289,0.706717735,0.630478402,14.45600238,0.444390417,1.556978798,364.215085,0.098061449,-0.615180489,442058914.5,413080.3334,191256.1943,2456,58,0.048936245,0.5993119,0.334301692,215005950.8,-21.74778019,-11513.90853,83
CRESS_Set_2_PBC2_r2_44_1_31995.d,ProcessBlank,2,r2,0.5M HCl,31995,FALSE,FALSE,829,93.11240387,1.158751607,90.68599701,92.56199646,93.18699646,93.81199646,100.064003,830,4.62E-06,2.51E-05,67,0,1995,983,2.029501526,361,758,0.476253298,0.095207343,954,552,31.06479974,17.97460111,394.1540026,0.571678864,0.414298679,14.92462315,0.447518474,1.552898853,368.3041423,0.099425592,-0.606256773,445034990.2,401471.4392,185881.2763,3060,73,0.046294293,0.763202306,0.155861182,215005950.8,-21.74778019,-11513.90853,158
QC_Blank_25_01_A_r1_53_1_31937.d,Blank,A,r1,,31937,TRUE,FALSE,830,40.96240616,0.467736781,40.04899979,40.67399979,40.67399979,41.29899979,42.54999924,831,-1.17E-06,4.65E-05,496,0,4987,594,8.395622896,1221,952,1.282563025,0.107878531,2584,962,44.9704142,16.74208145,400.7649985,0.541834823,-0.337678365,17.79186771,0.260916927,1.585045444,328.6561591,0.152981367,-1.041111115,507385839.2,395033.7807,182900.6405,5612,218,0.046192202,0.219041566,0.105139168,215005950.8,-21.74778019,-11513.90853,404
QC_Blank_25_01_A_r1_53_1_31961.d,Blank,A,r1,,31961,TRUE,FALSE,829,39.96756363,0.709178209,38.17300034,39.42399979,40.04899979,40.67399979,41.92399979,829,3.17E-06,3.43E-05,118,0,1483,207,7.164251208,288,314,0.917197452,0.094518244,785,376,45.93329432,22.00117028,343.1958428,0.845076691,-0.029136767,18.24076831,0.296341339,1.551120635,322.5823639,0.152954721,-0.933805601,452540746.1,417412.6021,193262.0348,1677,94,0.027913538,0.716182048,0.042833642,215005950.8,-21.74778019,-11513.90853,98
QC_Blank_25_01_A_r1_53_1_31983.d,Blank,A,r1,,31983,TRUE,FALSE,831,30.99521065,1.359917641,29.42099953,30.67200089,30.67200089,31.29700089,44.42499924,832,,,0,0,17,15,1.133333333,0,0,,0.135057919,7,0,20,0,661.0635197,-0.953117363,0.273242515,8.259499216,0.272557542,0.654321508,661.4722385,0.63028317,-0.071307968,429417032.9,405791.8115,187881.6087,33,,,,,215005950.8,-21.74778019,-11513.90853,0
QC_Blank_25_01_A_r2_53_1_32063.d,Blank,A,r2,,32063,TRUE,FALSE,827,42.11649704,0.973884523,38.79899979,41.92399979,42.54999924,42.54999924,44.42499924,827,1.20E-05,8.03E-05,463,0,3672,503,7.300198807,1179,822,1.434306569,0.115383737,2311,668,52.1788214,15.08241138,473.2396812,0.014594115,-1.483974105,20.26731689,0.305154055,1.412861647,629.7569315,0.25251794,-0.685574985,925626248.5,415655.6423,192448.5624,4118,161,0.061974185,0.955419968,0.227008447,215005950.8,-21.74778019,-11513.90853,341
QC_Blank_25_01_B_r1_53_1_31940.d,Blank,B,r1,,31940,TRUE,FALSE,834,40.31578827,0.72602272,38.17300034,40.04899979,40.67399979,40.67399979,41.92399979,835,1.13E-06,3.91E-05,109,0,1087,92,11.81521739,207,151,1.370860927,0.100408657,659,327,55.00834725,27.29549249,328.2130412,0.880541029,-0.002264014,19.2131327,0.273734096,1.586244742,315.9623718,0.143468762,-1.019247895,439360952.7,398057.4644,184300.606,1173,93,0.032603598,0.305395457,0.061587194,215005950.8,-21.74778019,-11513.90853,65
QC_Blank_25_01_B_r1_53_1_32050.d,Blank,B,r1,,32050,TRUE,FALSE,830,41.54168701,0.916360021,38.79899979,41.29899979,41.92399979,41.92399979,43.17499924,831,6.49E-06,7.57E-05,352,0,2357,285,8.270175439,717,447,1.604026846,0.114577348,1590,474,56.8263045,16.94067191,498.0564739,-0.061711894,-1.573152464,19.45394064,0.353143262,1.555051805,602.2282026,0.183684328,-0.744602269,607554240.7,420159.2845,194533.7487,2594,131,0.049834009,1.031628614,0.479215557,215005950.8,-21.74778019,-11513.90853,158
QC_Blank_25_01_B_r2_53_1_32006.d,Blank,B,r2,,32006,TRUE,FALSE,828,39.552948,0.852481544,36.92300034,38.79899979,39.42399979,40.04899979,41.92399979,829,1.08E-06,2.74E-05,72,0,910,99,9.191919192,157,184,0.85326087,0.104422977,513,274,50.39292731,26.91552063,334.0236439,0.855922751,-0.189510001,19.09672894,0.292177066,1.55603385,321.0905011,0.150598579,-0.953137617,438315981.4,420982.8434,194915.0565,995,71,0.026359661,0.757353619,0.047535257,215005950.8,-21.74778019,-11513.90853,57
QC_Blank_25_01_B_r2_53_1_32028.d,Blank,B,r2,,32028,TRUE,FALSE,830,41.53185272,0.954354942,38.17300034,41.29899979,41.92399979,41.92399979,43.17499924,831,3.27E-06,7.52E-05,336,0,2272,276,8.231884058,748,482,1.55186722,0.117007285,1549,462,57.45548961,17.13649852,498.2712899,-0.090562109,-1.572685461,20.59695069,0.339596363,1.513562943,611.2126348,0.206607205,-0.732951945,604628504.9,408547.1282,189157.3203,2468,124,0.047007239,0.810654062,0.215519788,215005950.8,-21.74778019,-11513.90853,179
QC_SPE_Blank_20260106_1_CRESS_r1_25_1_31953.d,SPE_Blank,1,r1,,31953,TRUE,FALSE,829,90.31546021,3.221727848,78.80899811,90.06099701,91.31199646,92.56199646,98.18800354,829,-4.53E-07,1.59E-05,14,0,840,780,1.076923077,91,502,0.1812749,0.100835996,424,262,24.80983031,15.33060269,384.1868221,0.761970669,0.422024498,13.85239392,0.391082427,1.559776098,377.5364318,0.114944444,-0.734352651,438635357.7,422338.6774,195542.8076,1698,23,0.033764429,0.630336066,0.057329661,215005950.8,-21.74778019,-11513.90853,74
QC_SPE_Blank_20260106_1_CRESS_r2_25_1_32033.d,SPE_Blank,1,r2,,32033,TRUE,FALSE,831,87.90970612,3.652479649,73.18199921,84.43499756,89.43599701,90.68599701,93.81199646,831,-1.29E-05,3.10E-05,9,0,454,615,0.738211382,48,372,0.129032258,0.103111727,262,158,22.70363951,13.6915078,359.189601,0.989912814,0.462515213,12.2011129,0.382863892,1.541864117,389.6423728,0.124341196,-0.738505043,434863890.2,416053.8221,192632.9196,1150,12,0.01943299,0.802957061,0.030542093,215005950.8,-21.74778019,-11513.90853,38
QC_SPE_Blank_20260106_2_CRESS_r1_26_1_31967.d,SPE_Blank,2,r1,,31967,TRUE,FALSE,830,89.42248535,1.899453521,78.80899811,88.81099701,89.43599701,90.06099701,96.93800354,831,-1.33E-05,3.01E-05,13,0,602,715,0.841958042,69,434,0.158986175,0.097383152,314,190,22.39657632,13.55206847,373.1688831,0.950463322,0.704528551,12.72189465,0.396212805,1.542499774,381.5409902,0.12211418,-0.694588262,437306742.3,421448.5606,195130.6836,1398,14,0.018959705,0.739746914,0.040340749,215005950.8,-21.74778019,-11513.90853,48
QC_SPE_Blank_20260106_2_CRESS_r2_26_1_32021.d,SPE_Blank,2,r2,,32021,TRUE,FALSE,829,88.56058502,2.270534277,75.05799866,88.18599701,88.81099701,89.43599701,93.18699646,830,1.19E-05,2.97E-05,10,0,607,705,0.860992908,78,431,0.180974478,0.099965055,309,187,22.21423436,13.44356578,371.1349534,0.835852757,0.309400415,12.73618557,0.39913022,1.536427563,383.9580358,0.125501144,-0.68172558,436624486.1,401656.8889,185967.1396,1381,13,0.030003532,0.757995011,0.061661242,215005950.8,-21.74778019,-11513.90853,53
QC_SPE_Blank_20260106_3_CRESS_r1_27_1_31981.d,SPE_Blank,3,r1,,31981,TRUE,FALSE,831,91.79614258,2.257252216,76.93299866,91.31199646,91.93699646,92.56199646,97.56300354,832,8.39E-06,2.92E-05,10,0,554,769,0.720416125,68,443,0.153498871,0.104316434,311,184,22.16678546,13.1147541,371.2078122,0.95801692,0.435795563,12.47312061,0.383667533,1.542787389,392.8602094,0.128454749,-0.726300539,436472905.8,405517.8806,187754.7787,1396,12,0.026698494,0.763751639,0.052533995,215005950.8,-21.74778019,-11513.90853,49
QC_SPE_Blank_20260106_3_CRESS_r2_27_1_32022.d,SPE_Blank,3,r2,,32022,TRUE,FALSE,835,90.68344116,1.271203637,79.43399811,90.06099701,90.68599701,91.31199646,94.43699646,836,-1.82E-05,3.80E-05,17,0,856,927,0.923408846,108,576,0.1875,0.102336546,442,266,23.61111111,14.20940171,395.6614492,0.709919568,0.308251799,14.65479543,0.395729438,1.5309901,388.1427367,0.129625478,-0.689687889,439931598.4,415305.7155,192286.5463,1864,26,0.049980102,0.747037463,0.266633163,215005950.8,-21.74778019,-11513.90853,80
QC_SPE_Blank_20260106_4_CRESS_r1_28_1_31956.d,SPE_Blank,4,r1,,31956,TRUE,FALSE,830,90.00244141,1.775497317,80.05899811,89.43599701,90.06099701,90.68599701,95.06300354,830,1.19E-05,2.45E-05,11,0,777,824,0.942961165,78,525,0.148571429,0.10010765,400,237,23.57100766,13.96582204,387.131871,0.805542969,0.203234292,14.09077362,0.39692715,1.532458604,398.2638885,0.127878156,-0.689643254,439545321.5,415664.6664,192452.7405,1690,18,0.021420579,0.664607253,0.045845609,215005950.8,-21.74778019,-11513.90853,66
QC_SPE_Blank_20260106_4_CRESS_r2_28_1_32004.d,SPE_Blank,4,r2,,32004,TRUE,FALSE,828,89.79997253,1.567190886,78.80899811,88.81099701,90.06099701,90.68599701,95.68800354,829,1.14E-05,3.59E-05,10,0,574,730,0.78630137,61,447,0.136465324,0.105165585,309,182,22.26224784,13.11239193,373.1506511,0.922734291,0.3342306,13.27821528,0.392736177,1.526154711,401.3632987,0.132135995,-0.686040895,437521708.2,398086.2351,184313.9268,1383,19,0.032492261,0.744989153,0.046319483,215005950.8,-21.74778019,-11513.90853,63
QC_SPE_Blank_20260107_1_CRESS_r1_9_1_32038.d,SPE_Blank,1,r1,,32038,TRUE,FALSE,828,89.27598572,1.748483419,76.93299866,88.81099701,89.43599701,90.06099701,93.81199646,829,-1.63E-06,2.45E-05,8,0,278,744,0.373655914,46,471,0.097664544,0.115212261,141,32,12.60053619,2.859696157,486.0057577,0.172761905,-1.090802559,14.50041816,0.357238258,1.445229517,474.6527671,0.187398922,-0.644722758,437015755.9,420280.1266,194589.6986,1112,7,0.020990497,0.916013252,0.032794557,215005950.8,-21.74778019,-11513.90853,50
QC_SPE_Blank_20260107_1_CRESS_r2_9_1_32052.d,SPE_Blank,1,r2,,32052,TRUE,FALSE,827,87.0769043,2.167603493,75.68299866,85.68499756,87.56099701,88.81099701,93.18699646,828,7.14E-06,3.72E-05,11,0,365,862,0.423433875,62,542,0.114391144,0.114554622,197,44,14.80090158,3.305785124,497.1401635,0.049828632,-0.955891564,14.49305138,0.376850129,1.430661452,474.8851395,0.193429782,-0.593098129,439021725.6,411261.3561,190414.0079,1318,10,0.030517799,0.93376844,0.036045235,215005950.8,-21.74778019,-11513.90853,78
QC_SPE_Blank_20260107_2_CRESS_r1_10_1_32048.d,SPE_Blank,2,r1,,32048,TRUE,FALSE,833,89.91413879,2.178577662,76.93299866,89.43599701,90.06099701,91.31199646,96.93800354,834,-1.20E-05,2.48E-05,3,0,141,542,0.260147601,15,310,0.048387097,0.126263653,82,16,10.81794195,2.110817942,500.5903171,-0.049295793,-1.199142774,12.66953798,0.347171737,1.426451319,510.8874054,0.196020203,-0.669612439,433186523.1,415869.3537,192547.5108,751,4,0.016301832,0.989346072,0.020902476,215005950.8,-21.74778019,-11513.90853,33
QC_SPE_Blank_20260107_2_CRESS_r2_10_1_32062.d,SPE_Blank,2,r2,,32062,TRUE,FALSE,832,90.44897461,2.35395813,80.05899811,89.43599701,90.68599701,91.93699646,101.314003,832,-1.45E-05,3.11E-06,3,0,163,607,0.268533773,18,355,0.050704225,0.130180821,82,12,9.761904762,1.428571429,491.5821671,0.233774425,-1.106383808,13.80879871,0.363063028,1.438758242,493.846707,0.186270926,-0.642470071,433865823.6,414157.3239,191754.841,835,5,0.030219058,0.825257279,0.062945339,215005950.8,-21.74778019,-11513.90853,27
QC_SPE_Blank_20260107_3_CRESS_r1_11_1_32041.d,SPE_Blank,3,r1,,32041,TRUE,FALSE,830,87.70687103,2.154278517,74.43199921,86.93599701,88.18599701,88.81099701,93.81199646,831,1.06E-05,1.62E-05,14,0,498,824,0.604368932,83,548,0.151459854,0.111248766,217,57,15.44483986,4.056939502,458.2036164,0.277264704,-0.874062535,15.05058128,0.379598582,1.430276839,436.7049701,0.198359951,-0.588480155,439126069.1,417260.7796,193191.741,1394,11,0.016120624,1.009826032,0.030879824,215005950.8,-21.74778019,-11513.90853,73
QC_SPE_Blank_20260107_3_CRESS_r2_11_1_32053.d,SPE_Blank,3,r2,,32053,TRUE,FALSE,828,85.93360901,2.05016923,75.68299866,85.05999756,85.68499756,86.93599701,91.31199646,829,6.77E-06,3.12E-05,18,0,593,918,0.645969499,94,614,0.153094463,0.103159098,261,86,16.26168224,5.358255452,425.306483,0.384078569,-0.764548475,15.31834936,0.38742154,1.426970006,427.2554807,0.19539113,-0.57774846,440026909.9,415309.0298,192288.0808,1594,12,0.023462133,0.927925267,0.046707153,215005950.8,-21.74778019,-11513.90853,79
QC_SPE_Blank_20260107_4_CRESS_r1_12_1_32044.d,SPE_Blank,4,r1,,32044,TRUE,FALSE,830,90.35417938,1.637665987,78.18299866,90.06099701,90.68599701,91.31199646,95.68800354,831,2.70E-05,1.81E-05,4,0,230,584,0.393835616,31,336,0.092261905,0.126002996,113,24,12.92906178,2.745995423,486.0056955,0.18090173,-0.775360021,13.01537484,0.387032574,1.400875701,454.6790775,0.208709807,-0.539353972,433812026.2,407442.3661,188645.8155,867,6,0.04303876,1.00742439,0.065287271,215005950.8,-21.74778019,-11513.90853,34
QC_SPE_Blank_20260107_4_CRESS_r2_12_1_32059.d,SPE_Blank,4,r2,,32059,TRUE,FALSE,827,90.70613098,1.90247643,78.18299866,90.06099701,91.31199646,91.93699646,95.06300354,827,-3.96E-06,4.58E-05,5,0,197,557,0.353680431,26,327,0.079510703,0.130157583,91,18,11.27633209,2.230483271,475.1613211,0.334668005,-0.787707709,14.18268447,0.376765512,1.393376502,463.9543245,0.204364366,-0.551873044,433648001.4,408896.9922,189319.3074,803,4,0.010314897,0.812182246,0.042761825,215005950.8,-21.74778019,-11513.90853,29
